0,1,2,3,4,5,6,7,8,9,10,11,12,13,14,15,16,17,18,19,20,21,22,23,24,target
163592949.0,76.57,10.0,1.0,1.37760884,163592949.0,76.74,10.0,1.0,1.37760884,163592949.0,77.01,10.0,1.0,1.37760884,163592949.0,77.98,10.0,1.0,1.37760884,163592949.0,79.13,10.0,1.0,1.37760884,76.50944081626551
163592949.0,76.74,10.0,1.0,1.37760884,163592949.0,77.01,10.0,1.0,1.37760884,163592949.0,77.98,10.0,1.0,1.37760884,163592949.0,79.13,10.0,1.0,1.37760884,163592949.0,78.89,10.0,1.0,1.37760884,76.80209353568358
163592949.0,77.01,10.0,1.0,1.37760884,163592949.0,77.98,10.0,1.0,1.37760884,163592949.0,79.13,10.0,1.0,1.37760884,163592949.0,78.89,10.0,1.0,1.37760884,163592949.0,79.15,10.0,1.0,1.37760884,75.51436672239589
163592949.0,77.98,10.0,1.0,1.37760884,163592949.0,79.13,10.0,1.0,1.37760884,163592949.0,78.89,10.0,1.0,1.37760884,163592949.0,79.15,10.0,1.0,1.37760884,163592949.0,78.71,10.0,1.0,1.37760884,76.53794923022402
163592949.0,79.13,10.0,1.0,1.37760884,163592949.0,78.89,10.0,1.0,1.37760884,163592949.0,79.15,10.0,1.0,1.37760884,163592949.0,78.71,10.0,1.0,1.37760884,163592949.0,78.53,10.0,1.0,1.37760884,75.6421314668122
163592949.0,78.89,10.0,1.0,1.37760884,163592949.0,79.15,10.0,1.0,1.37760884,163592949.0,78.71,10.0,1.0,1.37760884,163592949.0,78.53,10.0,1.0,1.37760884,163592949.0,76.84,10.0,1.0,1.37760884,76.1285445869866
163592949.0,79.15,10.0,1.0,1.37760884,163592949.0,78.71,10.0,1.0,1.37760884,163592949.0,78.53,10.0,1.0,1.37760884,163592949.0,76.84,10.0,1.0,1.37760884,163592949.0,76.97,10.0,1.0,1.37760884,76.41481594607438
163592949.0,78.71,10.0,1.0,1.37760884,163592949.0,78.53,10.0,1.0,1.37760884,163592949.0,76.84,10.0,1.0,1.37760884,163592949.0,76.97,10.0,1.0,1.37760884,163592949.0,78.6,10.0,1.0,1.37760884,77.68220460632338
163592949.0,78.53,10.0,1.0,1.37760884,163592949.0,76.84,10.0,1.0,1.37760884,163592949.0,76.97,10.0,1.0,1.37760884,163592949.0,78.6,10.0,1.0,1.37760884,163592949.0,78.86,10.0,1.0,1.37760884,76.46658968753873
163592949.0,76.84,10.0,1.0,1.37760884,163592949.0,76.97,10.0,1.0,1.37760884,163592949.0,78.6,10.0,1.0,1.37760884,163592949.0,78.86,10.0,1.0,1.37760884,163592949.0,77.68,10.0,1.0,1.37760884,75.94362494665123
163592949.0,76.97,10.0,1.0,1.37760884,163592949.0,78.6,10.0,1.0,1.37760884,163592949.0,78.86,10.0,1.0,1.37760884,163592949.0,77.68,10.0,1.0,1.37760884,163592949.0,78.05,10.0,1.0,1.37760884,81.06205482000074
163592949.0,78.6,10.0,1.0,1.37760884,163592949.0,78.86,10.0,1.0,1.37760884,163592949.0,77.68,10.0,1.0,1.37760884,163592949.0,78.05,10.0,1.0,1.37760884,163592949.0,78.12,10.0,1.0,1.37760884,79.17535829640981
163592949.0,78.86,10.0,1.0,1.37760884,163592949.0,77.68,10.0,1.0,1.37760884,163592949.0,78.05,10.0,1.0,1.37760884,163592949.0,78.12,10.0,1.0,1.37760884,163592949.0,80.38,10.0,1.0,1.37760884,77.95249499064047
163592949.0,77.68,10.0,1.0,1.37760884,163592949.0,78.05,10.0,1.0,1.37760884,163592949.0,78.12,10.0,1.0,1.37760884,163592949.0,80.38,10.0,1.0,1.37760884,163592949.0,78.38,10.0,1.0,1.37760884,79.41057127579424
163592949.0,78.05,10.0,1.0,1.37760884,163592949.0,78.12,10.0,1.0,1.37760884,163592949.0,80.38,10.0,1.0,1.37760884,163592949.0,78.38,10.0,1.0,1.37760884,163592949.0,77.21,10.0,1.0,1.37760884,79.7308622224667
163592949.0,78.12,10.0,1.0,1.37760884,163592949.0,80.38,10.0,1.0,1.37760884,163592949.0,78.38,10.0,1.0,1.37760884,163592949.0,77.21,10.0,1.0,1.37760884,163592949.0,79.4,10.0,1.0,1.37760884,78.84335504098253
163592949.0,80.38,10.0,1.0,1.37760884,163592949.0,78.38,10.0,1.0,1.37760884,163592949.0,77.21,10.0,1.0,1.37760884,163592949.0,79.4,10.0,1.0,1.37760884,163592949.0,78.09,10.0,1.0,1.37760884,78.67281907899466
163592949.0,78.38,10.0,1.0,1.37760884,163592949.0,77.21,10.0,1.0,1.37760884,163592949.0,79.4,10.0,1.0,1.37760884,163592949.0,78.09,10.0,1.0,1.37760884,163592949.0,77.2,10.0,1.0,1.37760884,80.31370191462916
163592949.0,77.21,10.0,1.0,1.37760884,163592949.0,79.4,10.0,1.0,1.37760884,163592949.0,78.09,10.0,1.0,1.37760884,163592949.0,77.2,10.0,1.0,1.37760884,163592949.0,76.23,10.0,1.0,1.37760884,79.7938716100437
163592949.0,79.4,10.0,1.0,1.37760884,163592949.0,78.09,10.0,1.0,1.37760884,163592949.0,77.2,10.0,1.0,1.37760884,163592949.0,76.23,10.0,1.0,1.37760884,163592949.0,79.0,10.0,1.0,1.37760884,79.4086837328048
163592949.0,78.09,10.0,1.0,1.37760884,163592949.0,77.2,10.0,1.0,1.37760884,163592949.0,76.23,10.0,1.0,1.37760884,163592949.0,79.0,10.0,1.0,1.37760884,163592949.0,79.83,10.0,1.0,1.37760884,79.7577861861992
163592949.0,77.2,10.0,1.0,1.37760884,163592949.0,76.23,10.0,1.0,1.37760884,163592949.0,79.0,10.0,1.0,1.37760884,163592949.0,79.83,10.0,1.0,1.37760884,163592949.0,78.29,10.0,1.0,1.37760884,80.64354209830044
163592949.0,76.23,10.0,1.0,1.37760884,163592949.0,79.0,10.0,1.0,1.37760884,163592949.0,79.83,10.0,1.0,1.37760884,163592949.0,78.29,10.0,1.0,1.37760884,163592949.0,79.98,10.0,1.0,1.37760884,81.45550592180118
163592949.0,79.0,10.0,1.0,1.37760884,163592949.0,79.83,10.0,1.0,1.37760884,163592949.0,78.29,10.0,1.0,1.37760884,163592949.0,79.98,10.0,1.0,1.37760884,163592949.0,79.69,10.0,1.0,1.37760884,81.14352335159349
163592949.0,79.83,10.0,1.0,1.37760884,163592949.0,78.29,10.0,1.0,1.37760884,163592949.0,79.98,10.0,1.0,1.37760884,163592949.0,79.69,10.0,1.0,1.37760884,163592949.0,79.89,10.0,1.0,1.37760884,80.88424948242314
163592949.0,78.29,10.0,1.0,1.37760884,163592949.0,79.98,10.0,1.0,1.37760884,163592949.0,79.69,10.0,1.0,1.37760884,163592949.0,79.89,10.0,1.0,1.37760884,163592949.0,79.2,10.0,1.0,1.39800275,80.86204776350738
163592949.0,79.98,10.0,1.0,1.37760884,163592949.0,79.69,10.0,1.0,1.37760884,163592949.0,79.89,10.0,1.0,1.37760884,163592949.0,79.2,10.0,1.0,1.39800275,163592949.0,81.33,10.0,1.0,1.39800275,81.54022632644538
163592949.0,79.69,10.0,1.0,1.37760884,163592949.0,79.89,10.0,1.0,1.37760884,163592949.0,79.2,10.0,1.0,1.39800275,163592949.0,81.33,10.0,1.0,1.39800275,163592949.0,81.98,10.0,1.0,1.39800275,81.27061112199766
163592949.0,79.89,10.0,1.0,1.37760884,163592949.0,79.2,10.0,1.0,1.39800275,163592949.0,81.33,10.0,1.0,1.39800275,163592949.0,81.98,10.0,1.0,1.39800275,163592949.0,83.08,10.0,1.0,1.39800275,79.96909108973442
163592949.0,79.2,10.0,1.0,1.39800275,163592949.0,81.33,10.0,1.0,1.39800275,163592949.0,81.98,10.0,1.0,1.39800275,163592949.0,83.08,10.0,1.0,1.39800275,163592949.0,82.23,10.0,1.0,1.39800275,79.43978324679756
163592949.0,81.33,10.0,1.0,1.39800275,163592949.0,81.98,10.0,1.0,1.39800275,163592949.0,83.08,10.0,1.0,1.39800275,163592949.0,82.23,10.0,1.0,1.39800275,163592949.0,81.33,10.0,1.0,1.39800275,79.69501538123879
163592949.0,81.98,10.0,1.0,1.39800275,163592949.0,83.08,10.0,1.0,1.39800275,163592949.0,82.23,10.0,1.0,1.39800275,163592949.0,81.33,10.0,1.0,1.39800275,163592949.0,81.0,10.0,1.0,1.39800275,78.82300874652825
163592949.0,83.08,10.0,1.0,1.39800275,163592949.0,82.23,10.0,1.0,1.39800275,163592949.0,81.33,10.0,1.0,1.39800275,163592949.0,81.0,10.0,1.0,1.39800275,163592949.0,80.94,10.0,1.0,1.39800275,79.38787040289004
163592949.0,82.23,10.0,1.0,1.39800275,163592949.0,81.33,10.0,1.0,1.39800275,163592949.0,81.0,10.0,1.0,1.39800275,163592949.0,80.94,10.0,1.0,1.39800275,163592949.0,80.97,10.0,1.0,1.39800275,78.31845885376859
163592949.0,81.33,10.0,1.0,1.39800275,163592949.0,81.0,10.0,1.0,1.39800275,163592949.0,80.94,10.0,1.0,1.39800275,163592949.0,80.97,10.0,1.0,1.39800275,163592955.0,79.02,10.0,1.0,1.39800275,78.44926681675442
163592949.0,81.0,10.0,1.0,1.39800275,163592949.0,80.94,10.0,1.0,1.39800275,163592949.0,80.97,10.0,1.0,1.39800275,163592955.0,79.02,10.0,1.0,1.39800275,163592955.0,78.95,10.0,1.0,1.39800275,78.89746559959592
163592949.0,80.94,10.0,1.0,1.39800275,163592949.0,80.97,10.0,1.0,1.39800275,163592955.0,79.02,10.0,1.0,1.39800275,163592955.0,78.95,10.0,1.0,1.39800275,163592955.0,78.41,10.0,1.0,1.39800275,79.70152046468522
163592949.0,80.97,10.0,1.0,1.39800275,163592955.0,79.02,10.0,1.0,1.39800275,163592955.0,78.95,10.0,1.0,1.39800275,163592955.0,78.41,10.0,1.0,1.39800275,163592955.0,78.75,10.0,1.0,1.39800275,79.64079329934485
163592955.0,79.02,10.0,1.0,1.39800275,163592955.0,78.95,10.0,1.0,1.39800275,163592955.0,78.41,10.0,1.0,1.39800275,163592955.0,78.75,10.0,1.0,1.39800275,163592955.0,77.96,10.0,1.0,1.39800275,79.13480167129576
163592955.0,78.95,10.0,1.0,1.39800275,163592955.0,78.41,10.0,1.0,1.39800275,163592955.0,78.75,10.0,1.0,1.39800275,163592955.0,77.96,10.0,1.0,1.39800275,163592955.0,77.06,10.0,1.0,1.39800275,79.03052775759761
163592955.0,78.41,10.0,1.0,1.39800275,163592955.0,78.75,10.0,1.0,1.39800275,163592955.0,77.96,10.0,1.0,1.39800275,163592955.0,77.06,10.0,1.0,1.39800275,163592955.0,76.71,10.0,1.0,1.39800275,80.29061153343315
163592955.0,78.75,10.0,1.0,1.39800275,163592955.0,77.96,10.0,1.0,1.39800275,163592955.0,77.06,10.0,1.0,1.39800275,163592955.0,76.71,10.0,1.0,1.39800275,163592955.0,76.19,10.0,1.0,1.39800275,78.72467703676982
163592955.0,77.96,10.0,1.0,1.39800275,163592955.0,77.06,10.0,1.0,1.39800275,163592955.0,76.71,10.0,1.0,1.39800275,163592955.0,76.19,10.0,1.0,1.39800275,163592955.0,75.83,10.0,1.0,1.39800275,79.53683103598021
163592955.0,77.06,10.0,1.0,1.39800275,163592955.0,76.71,10.0,1.0,1.39800275,163592955.0,76.19,10.0,1.0,1.39800275,163592955.0,75.83,10.0,1.0,1.39800275,165435126.0,77.77,10.0,1.0,1.39800275,79.45688706693281
163592955.0,76.71,10.0,1.0,1.39800275,163592955.0,76.19,10.0,1.0,1.39800275,163592955.0,75.83,10.0,1.0,1.39800275,165435126.0,77.77,10.0,1.0,1.39800275,172135126.0,77.46,10.0,1.0,1.39800275,79.53045748590712
163592955.0,76.19,10.0,1.0,1.39800275,163592955.0,75.83,10.0,1.0,1.39800275,165435126.0,77.77,10.0,1.0,1.39800275,172135126.0,77.46,10.0,1.0,1.39800275,172135126.0,76.4,10.0,1.0,1.39800275,80.13322469844917
163592955.0,75.83,10.0,1.0,1.39800275,165435126.0,77.77,10.0,1.0,1.39800275,172135126.0,77.46,10.0,1.0,1.39800275,172135126.0,76.4,10.0,1.0,1.39800275,172135126.0,76.03,10.0,1.0,1.39800275,80.00047712978467
165435126.0,77.77,10.0,1.0,1.39800275,172135126.0,77.46,10.0,1.0,1.39800275,172135126.0,76.4,10.0,1.0,1.39800275,172135126.0,76.03,10.0,1.0,1.39800275,172135126.0,77.44,10.0,1.0,1.39800275,80.64939764817409
172135126.0,77.46,10.0,1.0,1.39800275,172135126.0,76.4,10.0,1.0,1.39800275,172135126.0,76.03,10.0,1.0,1.39800275,172135126.0,77.44,10.0,1.0,1.39800275,172135126.0,76.83,10.0,1.0,1.39800275,80.98875238279096
172135126.0,76.4,10.0,1.0,1.39800275,172135126.0,76.03,10.0,1.0,1.39800275,172135126.0,77.44,10.0,1.0,1.39800275,172135126.0,76.83,10.0,1.0,1.39800275,172135126.0,78.4,10.0,1.0,1.39800275,80.97872651775717
172135126.0,76.03,10.0,1.0,1.39800275,172135126.0,77.44,10.0,1.0,1.39800275,172135126.0,76.83,10.0,1.0,1.39800275,172135126.0,78.4,10.0,1.0,1.39800275,172135126.0,80.01,10.0,1.0,1.39800275,81.42333377593445
172135126.0,77.44,10.0,1.0,1.39800275,172135126.0,76.83,10.0,1.0,1.39800275,172135126.0,78.4,10.0,1.0,1.39800275,172135126.0,80.01,10.0,1.0,1.39800275,172135126.0,81.54,10.0,1.0,1.39800275,80.29116837504405
172135126.0,76.83,10.0,1.0,1.39800275,172135126.0,78.4,10.0,1.0,1.39800275,172135126.0,80.01,10.0,1.0,1.39800275,172135126.0,81.54,10.0,1.0,1.39800275,172135126.0,80.92,10.0,1.0,1.39800275,81.93299335508601
172135126.0,78.4,10.0,1.0,1.39800275,172135126.0,80.01,10.0,1.0,1.39800275,172135126.0,81.54,10.0,1.0,1.39800275,172135126.0,80.92,10.0,1.0,1.39800275,172135126.0,80.41,10.0,1.0,1.39800275,82.04527414870118
172135126.0,80.01,10.0,1.0,1.39800275,172135126.0,81.54,10.0,1.0,1.39800275,172135126.0,80.92,10.0,1.0,1.39800275,172135126.0,80.41,10.0,1.0,1.39800275,172135126.0,81.82,10.0,1.0,1.39800275,81.75444121527424
172135126.0,81.54,10.0,1.0,1.39800275,172135126.0,80.92,10.0,1.0,1.39800275,172135126.0,80.41,10.0,1.0,1.39800275,172135126.0,81.82,10.0,1.0,1.39800275,172135126.0,78.05,10.0,1.0,1.39800275,82.08555578689784
172135126.0,80.92,10.0,1.0,1.39800275,172135126.0,80.41,10.0,1.0,1.39800275,172135126.0,81.82,10.0,1.0,1.39800275,172135126.0,78.05,10.0,1.0,1.39800275,172135126.0,79.15,10.0,1.0,1.39800275,83.49402500788072
172135126.0,80.41,10.0,1.0,1.39800275,172135126.0,81.82,10.0,1.0,1.39800275,172135126.0,78.05,10.0,1.0,1.39800275,172135126.0,79.15,10.0,1.0,1.39800275,172135126.0,80.11,10.0,1.0,1.39800275,82.59977096702659
172135126.0,81.82,10.0,1.0,1.39800275,172135126.0,78.05,10.0,1.0,1.39800275,172135126.0,79.15,10.0,1.0,1.39800275,172135126.0,80.11,10.0,1.0,1.39800275,172135126.0,80.93,10.0,1.0,1.39800275,82.75786013120802
172135126.0,78.05,10.0,1.0,1.39800275,172135126.0,79.15,10.0,1.0,1.39800275,172135126.0,80.11,10.0,1.0,1.39800275,172135126.0,80.93,10.0,1.0,1.39800275,172135126.0,80.31,10.0,1.0,1.39800275,83.37430775204605
172135126.0,79.15,10.0,1.0,1.39800275,172135126.0,80.11,10.0,1.0,1.39800275,172135126.0,80.93,10.0,1.0,1.39800275,172135126.0,80.31,10.0,1.0,1.39800275,172135126.0,79.05,10.0,1.0,1.39800275,83.48001850650398
172135126.0,80.11,10.0,1.0,1.39800275,172135126.0,80.93,10.0,1.0,1.39800275,172135126.0,80.31,10.0,1.0,1.39800275,172135126.0,79.05,10.0,1.0,1.39800275,172135126.0,79.27,10.0,1.0,1.39800275,83.41458289374194
172135126.0,80.93,10.0,1.0,1.39800275,172135126.0,80.31,10.0,1.0,1.39800275,172135126.0,79.05,10.0,1.0,1.39800275,172135126.0,79.27,10.0,1.0,1.39800275,172135126.0,79.02,10.0,1.0,1.39800275,84.75322388820915
172135126.0,80.31,10.0,1.0,1.39800275,172135126.0,79.05,10.0,1.0,1.39800275,172135126.0,79.27,10.0,1.0,1.39800275,172135126.0,79.02,10.0,1.0,1.39800275,172135126.0,79.59,10.0,1.0,1.39800275,85.2754237372514
172135126.0,79.05,10.0,1.0,1.39800275,172135126.0,79.27,10.0,1.0,1.39800275,172135126.0,79.02,10.0,1.0,1.39800275,172135126.0,79.59,10.0,1.0,1.39800275,172135126.0,83.88,10.0,1.0,1.39800275,85.71034580373107
172135126.0,79.27,10.0,1.0,1.39800275,172135126.0,79.02,10.0,1.0,1.39800275,172135126.0,79.59,10.0,1.0,1.39800275,172135126.0,83.88,10.0,1.0,1.39800275,172135126.0,85.25,10.0,1.0,1.39800275,84.82956635845349
172135126.0,79.02,10.0,1.0,1.39800275,172135126.0,79.59,10.0,1.0,1.39800275,172135126.0,83.88,10.0,1.0,1.39800275,172135126.0,85.25,10.0,1.0,1.39800275,172135126.0,86.01,10.0,1.0,1.39800275,85.17686946032987
172135126.0,79.59,10.0,1.0,1.39800275,172135126.0,83.88,10.0,1.0,1.39800275,172135126.0,85.25,10.0,1.0,1.39800275,172135126.0,86.01,10.0,1.0,1.39800275,172135126.0,86.49,10.0,1.0,1.39800275,84.84530027447624
172135126.0,83.88,10.0,1.0,1.39800275,172135126.0,85.25,10.0,1.0,1.39800275,172135126.0,86.01,10.0,1.0,1.39800275,172135126.0,86.49,10.0,1.0,1.39800275,172135126.0,87.67,10.0,1.0,1.39800275,84.55247008683428
172135126.0,85.25,10.0,1.0,1.39800275,172135126.0,86.01,10.0,1.0,1.39800275,172135126.0,86.49,10.0,1.0,1.39800275,172135126.0,87.67,10.0,1.0,1.39800275,172135126.0,87.77,10.0,1.0,1.39800275,85.68283348861783
172135126.0,86.01,10.0,1.0,1.39800275,172135126.0,86.49,10.0,1.0,1.39800275,172135126.0,87.67,10.0,1.0,1.39800275,172135126.0,87.77,10.0,1.0,1.39800275,172135126.0,88.49,10.0,1.0,1.39800275,86.4343331996123
172135126.0,86.49,10.0,1.0,1.39800275,172135126.0,87.67,10.0,1.0,1.39800275,172135126.0,87.77,10.0,1.0,1.39800275,172135126.0,88.49,10.0,1.0,1.39800275,172135126.0,88.74,10.0,1.0,1.39800275,86.76759364737639
172135126.0,87.67,10.0,1.0,1.39800275,172135126.0,87.77,10.0,1.0,1.39800275,172135126.0,88.49,10.0,1.0,1.39800275,172135126.0,88.74,10.0,1.0,1.39800275,172135126.0,88.12,10.0,1.0,1.39800275,88.17083824034296
172135126.0,87.77,10.0,1.0,1.39800275,172135126.0,88.49,10.0,1.0,1.39800275,172135126.0,88.74,10.0,1.0,1.39800275,172135126.0,88.12,10.0,1.0,1.39800275,172135126.0,88.76,10.0,1.0,1.39800275,89.34373365129072
172135126.0,88.49,10.0,1.0,1.39800275,172135126.0,88.74,10.0,1.0,1.39800275,172135126.0,88.12,10.0,1.0,1.39800275,172135126.0,88.76,10.0,1.0,1.39800275,172135126.0,89.74,10.0,1.0,1.39800275,88.10599633643531
172135126.0,88.74,10.0,1.0,1.39800275,172135126.0,88.12,10.0,1.0,1.39800275,172135126.0,88.76,10.0,1.0,1.39800275,172135126.0,89.74,10.0,1.0,1.39800275,172135126.0,86.64,10.0,1.0,1.39800275,87.11275713570909
172135126.0,88.12,10.0,1.0,1.39800275,172135126.0,88.76,10.0,1.0,1.39800275,172135126.0,89.74,10.0,1.0,1.39800275,172135126.0,86.64,10.0,1.0,1.39800275,172135126.0,86.25,10.0,1.0,1.39800275,86.35919693960425
172135126.0,88.76,10.0,1.0,1.39800275,172135126.0,89.74,10.0,1.0,1.39800275,172135126.0,86.64,10.0,1.0,1.39800275,172135126.0,86.25,10.0,1.0,1.39800275,172135126.0,86.82,10.0,1.0,1.39800275,85.25163821284636
172135126.0,89.74,10.0,1.0,1.39800275,172135126.0,86.64,10.0,1.0,1.39800275,172135126.0,86.25,10.0,1.0,1.39800275,172135126.0,86.82,10.0,1.0,1.39800275,172135126.0,85.43,10.0,1.0,1.39800275,85.45084888216215
172135126.0,86.64,10.0,1.0,1.39800275,172135126.0,86.25,10.0,1.0,1.39800275,172135126.0,86.82,10.0,1.0,1.39800275,172135126.0,85.43,10.0,1.0,1.39800275,172174882.0,86.59,10.0,1.0,1.39800275,84.7567586335994
172135126.0,86.25,10.0,1.0,1.39800275,172135126.0,86.82,10.0,1.0,1.39800275,172135126.0,85.43,10.0,1.0,1.39800275,172174882.0,86.59,10.0,1.0,1.39800275,172174882.0,86.75,10.0,1.0,1.39800275,84.98056069949727
172135126.0,86.82,10.0,1.0,1.39800275,172135126.0,85.43,10.0,1.0,1.39800275,172174882.0,86.59,10.0,1.0,1.39800275,172174882.0,86.75,10.0,1.0,1.39800275,172175912.0,86.3,10.0,1.0,1.39800275,84.43912862415391
172135126.0,85.43,10.0,1.0,1.39800275,172174882.0,86.59,10.0,1.0,1.39800275,172174882.0,86.75,10.0,1.0,1.39800275,172175912.0,86.3,10.0,1.0,1.39800275,172175912.0,87.21,10.0,1.0,1.39800275,84.05396297123994
172174882.0,86.59,10.0,1.0,1.39800275,172174882.0,86.75,10.0,1.0,1.39800275,172175912.0,86.3,10.0,1.0,1.39800275,172175912.0,87.21,10.0,1.0,1.39800275,172175912.0,86.75,10.0,1.0,1.39800275,83.75990879235148
172174882.0,86.75,10.0,1.0,1.39800275,172175912.0,86.3,10.0,1.0,1.39800275,172175912.0,87.21,10.0,1.0,1.39800275,172175912.0,86.75,10.0,1.0,1.39800275,172175912.0,85.47,10.0,1.0,1.39800275,84.32282759777596
172175912.0,86.3,10.0,1.0,1.39800275,172175912.0,87.21,10.0,1.0,1.39800275,172175912.0,86.75,10.0,1.0,1.39800275,172175912.0,85.47,10.0,1.0,1.39800275,172175912.0,85.97,10.0,1.0,1.39800275,85.05751447954532
172175912.0,87.21,10.0,1.0,1.39800275,172175912.0,86.75,10.0,1.0,1.39800275,172175912.0,85.47,10.0,1.0,1.39800275,172175912.0,85.97,10.0,1.0,1.39800275,172175912.0,86.01,10.0,1.0,1.39800275,84.27551690082436
172175912.0,86.75,10.0,1.0,1.39800275,172175912.0,85.47,10.0,1.0,1.39800275,172175912.0,85.97,10.0,1.0,1.39800275,172175912.0,86.01,10.0,1.0,1.39800275,172175912.0,82.68,10.0,1.0,1.39800275,86.72074563195498
172175912.0,85.47,10.0,1.0,1.39800275,172175912.0,85.97,10.0,1.0,1.39800275,172175912.0,86.01,10.0,1.0,1.39800275,172175912.0,82.68,10.0,1.0,1.39800275,172175912.0,84.02,10.0,1.0,1.39800275,86.54342679231284
172175912.0,85.97,10.0,1.0,1.39800275,172175912.0,86.01,10.0,1.0,1.39800275,172175912.0,82.68,10.0,1.0,1.39800275,172175912.0,84.02,10.0,1.0,1.39800275,172175912.0,84.91,10.0,1.0,1.39800275,86.57578472143915
172175912.0,86.01,10.0,1.0,1.39800275,172175912.0,82.68,10.0,1.0,1.39800275,172175912.0,84.02,10.0,1.0,1.39800275,172175912.0,84.91,10.0,1.0,1.39800275,172175912.0,84.43,10.0,1.0,1.39800275,86.87356545353978
172175912.0,82.68,10.0,1.0,1.39800275,172175912.0,84.02,10.0,1.0,1.39800275,172175912.0,84.91,10.0,1.0,1.39800275,172175912.0,84.43,10.0,1.0,1.39800275,172175912.0,85.64,10.0,1.0,1.39800275,86.73107831123501
172175912.0,84.02,10.0,1.0,1.39800275,172175912.0,84.91,10.0,1.0,1.39800275,172175912.0,84.43,10.0,1.0,1.39800275,172175912.0,85.64,10.0,1.0,1.39800275,172175912.0,84.67,10.0,1.0,1.39800275,86.18157339604241
172175912.0,84.91,10.0,1.0,1.39800275,172175912.0,84.43,10.0,1.0,1.39800275,172175912.0,85.64,10.0,1.0,1.39800275,172175912.0,84.67,10.0,1.0,1.39800275,172175912.0,82.22,10.0,1.0,1.39800275,86.81444143375796
172175912.0,84.43,10.0,1.0,1.39800275,172175912.0,85.64,10.0,1.0,1.39800275,172175912.0,84.67,10.0,1.0,1.39800275,172175912.0,82.22,10.0,1.0,1.39800275,172175912.0,79.99,10.0,1.0,1.39800275,88.06953939343889
172175912.0,85.64,10.0,1.0,1.39800275,172175912.0,84.67,10.0,1.0,1.39800275,172175912.0,82.22,10.0,1.0,1.39800275,172175912.0,79.99,10.0,1.0,1.39800275,172175912.0,73.38,10.0,1.0,1.39800275,86.50866467729404
172175912.0,84.67,10.0,1.0,1.39800275,172175912.0,82.22,10.0,1.0,1.39800275,172175912.0,79.99,10.0,1.0,1.39800275,172175912.0,73.38,10.0,1.0,1.39800275,172175912.0,76.9,10.0,1.0,1.39800275,87.91029765860847
172175912.0,82.22,10.0,1.0,1.39800275,172175912.0,79.99,10.0,1.0,1.39800275,172175912.0,73.38,10.0,1.0,1.39800275,172175912.0,76.9,10.0,1.0,1.39800275,172175912.0,76.88,10.0,1.0,1.39800275,86.97984528607535
172175912.0,79.99,10.0,1.0,1.39800275,172175912.0,73.38,10.0,1.0,1.39800275,172175912.0,76.9,10.0,1.0,1.39800275,172175912.0,76.88,10.0,1.0,1.39800275,172175912.0,79.56,10.0,1.0,1.39800275,86.46039476723182
172175912.0,73.38,10.0,1.0,1.39800275,172175912.0,76.9,10.0,1.0,1.39800275,172175912.0,76.88,10.0,1.0,1.39800275,172175912.0,79.56,10.0,1.0,1.39800275,172175912.0,79.51,10.0,1.0,1.39800275,86.56541434478163
172175912.0,76.9,10.0,1.0,1.39800275,172175912.0,76.88,10.0,1.0,1.39800275,172175912.0,79.56,10.0,1.0,1.39800275,172175912.0,79.51,10.0,1.0,1.39800275,172175912.0,79.04,10.0,1.0,1.39800275,87.12118497335358
172175912.0,76.88,10.0,1.0,1.39800275,172175912.0,79.56,10.0,1.0,1.39800275,172175912.0,79.51,10.0,1.0,1.39800275,172175912.0,79.04,10.0,1.0,1.39800275,172175912.0,77.3,10.0,1.0,1.39800275,85.98421298323159
172175912.0,79.56,10.0,1.0,1.39800275,172175912.0,79.51,10.0,1.0,1.39800275,172175912.0,79.04,10.0,1.0,1.39800275,172175912.0,77.3,10.0,1.0,1.39800275,172175912.0,77.26,10.0,1.0,1.39800275,85.60590339303042
172175912.0,79.51,10.0,1.0,1.39800275,172175912.0,79.04,10.0,1.0,1.39800275,172175912.0,77.3,10.0,1.0,1.39800275,172175912.0,77.26,10.0,1.0,1.39800275,172175912.0,77.58,10.0,1.0,1.39800275,85.32546035257224
172175912.0,79.04,10.0,1.0,1.39800275,172175912.0,77.3,10.0,1.0,1.39800275,172175912.0,77.26,10.0,1.0,1.39800275,172175912.0,77.58,10.0,1.0,1.39800275,172175912.0,76.46,10.0,1.0,1.39800275,85.6727523423818
172175912.0,77.3,10.0,1.0,1.39800275,172175912.0,77.26,10.0,1.0,1.39800275,172175912.0,77.58,10.0,1.0,1.39800275,172175912.0,76.46,10.0,1.0,1.39800275,172175912.0,76.37,10.0,1.0,1.39800275,85.37613824558521
172175912.0,77.26,10.0,1.0,1.39800275,172175912.0,77.58,10.0,1.0,1.39800275,172175912.0,76.46,10.0,1.0,1.39800275,172175912.0,76.37,10.0,1.0,1.39800275,172175912.0,77.46,10.0,1.0,1.39800275,85.76270742641398
172175912.0,77.58,10.0,1.0,1.39800275,172175912.0,76.46,10.0,1.0,1.39800275,172175912.0,76.37,10.0,1.0,1.39800275,172175912.0,77.46,10.0,1.0,1.39800275,172175912.0,79.24,10.0,1.0,1.39800275,86.71145212920743
172175912.0,76.46,10.0,1.0,1.39800275,172175912.0,76.37,10.0,1.0,1.39800275,172175912.0,77.46,10.0,1.0,1.39800275,172175912.0,79.24,10.0,1.0,1.39800275,172175912.0,78.5,10.0,1.0,1.39800275,86.23002494272704
172175912.0,76.37,10.0,1.0,1.39800275,172175912.0,77.46,10.0,1.0,1.39800275,172175912.0,79.24,10.0,1.0,1.39800275,172175912.0,78.5,10.0,1.0,1.39800275,172175912.0,78.0,10.0,1.0,1.39800275,86.71946530288898
172175912.0,77.46,10.0,1.0,1.39800275,172175912.0,79.24,10.0,1.0,1.39800275,172175912.0,78.5,10.0,1.0,1.39800275,172175912.0,78.0,10.0,1.0,1.39800275,172175912.0,77.73,10.0,1.0,1.39800275,87.0273686496717
172175912.0,79.24,10.0,1.0,1.39800275,172175912.0,78.5,10.0,1.0,1.39800275,172175912.0,78.0,10.0,1.0,1.39800275,172175912.0,77.73,10.0,1.0,1.39800275,172175912.0,78.13,10.0,1.0,1.39800275,87.06091580212062
172175912.0,78.5,10.0,1.0,1.39800275,172175912.0,78.0,10.0,1.0,1.39800275,172175912.0,77.73,10.0,1.0,1.39800275,172175912.0,78.13,10.0,1.0,1.39800275,172175912.0,79.42,10.0,1.0,1.39800275,88.3401629776141
172175912.0,78.0,10.0,1.0,1.39800275,172175912.0,77.73,10.0,1.0,1.39800275,172175912.0,78.13,10.0,1.0,1.39800275,172175912.0,79.42,10.0,1.0,1.39800275,172175912.0,80.55,10.0,1.0,1.39800275,88.6503603894087
172175912.0,77.73,10.0,1.0,1.39800275,172175912.0,78.13,10.0,1.0,1.39800275,172175912.0,79.42,10.0,1.0,1.39800275,172175912.0,80.55,10.0,1.0,1.39800275,172175912.0,79.71,10.0,1.0,1.39800275,88.78554089747857
172175912.0,78.13,10.0,1.0,1.39800275,172175912.0,79.42,10.0,1.0,1.39800275,172175912.0,80.55,10.0,1.0,1.39800275,172175912.0,79.71,10.0,1.0,1.39800275,172175912.0,79.53,10.0,1.0,1.39800275,88.72656309891875
172175912.0,79.42,10.0,1.0,1.39800275,172175912.0,80.55,10.0,1.0,1.39800275,172175912.0,79.71,10.0,1.0,1.39800275,172175912.0,79.53,10.0,1.0,1.39800275,172175912.0,78.23,10.0,1.0,1.39800275,89.0286380381811
172175912.0,80.55,10.0,1.0,1.39800275,172175912.0,79.71,10.0,1.0,1.39800275,172175912.0,79.53,10.0,1.0,1.39800275,172175912.0,78.23,10.0,1.0,1.39800275,172175912.0,77.94,10.0,1.0,1.39800275,89.19175462508538
172175912.0,79.71,10.0,1.0,1.39800275,172175912.0,79.53,10.0,1.0,1.39800275,172175912.0,78.23,10.0,1.0,1.39800275,172175912.0,77.94,10.0,1.0,1.39800275,172175912.0,76.73,10.0,1.0,1.39800275,89.04941861777726
172175912.0,79.53,10.0,1.0,1.39800275,172175912.0,78.23,10.0,1.0,1.39800275,172175912.0,77.94,10.0,1.0,1.39800275,172175912.0,76.73,10.0,1.0,1.39800275,172175912.0,78.24,10.0,1.0,1.39800275,89.85261876699136
172175912.0,78.23,10.0,1.0,1.39800275,172175912.0,77.94,10.0,1.0,1.39800275,172175912.0,76.73,10.0,1.0,1.39800275,172175912.0,78.24,10.0,1.0,1.39800275,172175912.0,78.33,10.0,1.0,1.39800275,89.35799327728273
172175912.0,77.94,10.0,1.0,1.39800275,172175912.0,76.73,10.0,1.0,1.39800275,172175912.0,78.24,10.0,1.0,1.39800275,172175912.0,78.33,10.0,1.0,1.39800275,172175912.0,77.0,10.0,1.0,1.39800275,89.4474096831143
172175912.0,76.73,10.0,1.0,1.39800275,172175912.0,78.24,10.0,1.0,1.39800275,172175912.0,78.33,10.0,1.0,1.39800275,172175912.0,77.0,10.0,1.0,1.39800275,172175912.0,78.68,10.0,1.0,1.39800275,89.15897023592993
172175912.0,78.24,10.0,1.0,1.39800275,172175912.0,78.33,10.0,1.0,1.39800275,172175912.0,77.0,10.0,1.0,1.39800275,172175912.0,78.68,10.0,1.0,1.39800275,172175912.0,78.75,10.0,1.0,1.39800275,87.97531041017061
172175912.0,78.33,10.0,1.0,1.39800275,172175912.0,77.0,10.0,1.0,1.39800275,172175912.0,78.68,10.0,1.0,1.39800275,172175912.0,78.75,10.0,1.0,1.39800275,172175912.0,77.64,10.0,1.0,1.39800275,88.00899080501256
172175912.0,77.0,10.0,1.0,1.39800275,172175912.0,78.68,10.0,1.0,1.39800275,172175912.0,78.75,10.0,1.0,1.39800275,172175912.0,77.64,10.0,1.0,1.39800275,172175912.0,79.57,10.0,1.0,1.39800275,86.87112772923692
172175912.0,78.68,10.0,1.0,1.39800275,172175912.0,78.75,10.0,1.0,1.39800275,172175912.0,77.64,10.0,1.0,1.39800275,172175912.0,79.57,10.0,1.0,1.39800275,172175912.0,79.66,10.0,1.0,1.39800275,85.65243981006402
172175912.0,78.75,10.0,1.0,1.39800275,172175912.0,77.64,10.0,1.0,1.39800275,172175912.0,79.57,10.0,1.0,1.39800275,172175912.0,79.66,10.0,1.0,1.39800275,172175912.0,79.19,10.0,1.0,1.39800275,85.31599269849391
172175912.0,77.64,10.0,1.0,1.39800275,172175912.0,79.57,10.0,1.0,1.39800275,172175912.0,79.66,10.0,1.0,1.39800275,172175912.0,79.19,10.0,1.0,1.39800275,172175912.0,78.72,10.0,1.0,1.39800275,81.9110611932371
172175912.0,79.57,10.0,1.0,1.39800275,172175912.0,79.66,10.0,1.0,1.39800275,172175912.0,79.19,10.0,1.0,1.39800275,172175912.0,78.72,10.0,1.0,1.39800275,172175912.0,76.17,10.0,1.0,1.39800275,80.3365303627118
172175912.0,79.66,10.0,1.0,1.39800275,172175912.0,79.19,10.0,1.0,1.39800275,172175912.0,78.72,10.0,1.0,1.39800275,172175912.0,76.17,10.0,1.0,1.39800275,172175912.0,73.56,10.0,1.0,1.39800275,82.65179376037763
172175912.0,79.19,10.0,1.0,1.39800275,172175912.0,78.72,10.0,1.0,1.39800275,172175912.0,76.17,10.0,1.0,1.39800275,172175912.0,73.56,10.0,1.0,1.39800275,172175912.0,74.62,10.0,1.0,1.39800275,83.78877748079934
172175912.0,78.72,10.0,1.0,1.39800275,172175912.0,76.17,10.0,1.0,1.39800275,172175912.0,73.56,10.0,1.0,1.39800275,172175912.0,74.62,10.0,1.0,1.39800275,172175912.0,75.17,10.0,1.0,1.39800275,83.62338214439288
172175912.0,76.17,10.0,1.0,1.39800275,172175912.0,73.56,10.0,1.0,1.39800275,172175912.0,74.62,10.0,1.0,1.39800275,172175912.0,75.17,10.0,1.0,1.39800275,172175912.0,76.46,10.0,1.0,1.39800275,82.94490836768317
172175912.0,73.56,10.0,1.0,1.39800275,172175912.0,74.62,10.0,1.0,1.39800275,172175912.0,75.17,10.0,1.0,1.39800275,172175912.0,76.46,10.0,1.0,1.39800275,172175912.0,77.6,10.0,1.0,1.39800275,83.42450338341096
172175912.0,74.62,10.0,1.0,1.39800275,172175912.0,75.17,10.0,1.0,1.39800275,172175912.0,76.46,10.0,1.0,1.39800275,172175912.0,77.6,10.0,1.0,1.39800275,172175912.0,77.77,10.0,1.0,1.39800275,83.78593050833773
172175912.0,75.17,10.0,1.0,1.39800275,172175912.0,76.46,10.0,1.0,1.39800275,172175912.0,77.6,10.0,1.0,1.39800275,172175912.0,77.77,10.0,1.0,1.39800275,172175912.0,78.04,10.0,1.0,1.39800275,83.98017354430799
172175912.0,76.46,10.0,1.0,1.39800275,172175912.0,77.6,10.0,1.0,1.39800275,172175912.0,77.77,10.0,1.0,1.39800275,172175912.0,78.04,10.0,1.0,1.39800275,172175912.0,77.7,10.0,1.0,1.39800275,83.41057941378163
172175912.0,77.6,10.0,1.0,1.39800275,172175912.0,77.77,10.0,1.0,1.39800275,172175912.0,78.04,10.0,1.0,1.39800275,172175912.0,77.7,10.0,1.0,1.39800275,172175912.0,78.01,10.0,1.0,1.39800275,84.4910699230954
172175912.0,77.77,10.0,1.0,1.39800275,172175912.0,78.04,10.0,1.0,1.39800275,172175912.0,77.7,10.0,1.0,1.39800275,172175912.0,78.01,10.0,1.0,1.39800275,172175912.0,79.95,10.0,1.0,1.39800275,84.64774968849052
172175912.0,78.04,10.0,1.0,1.39800275,172175912.0,77.7,10.0,1.0,1.39800275,172175912.0,78.01,10.0,1.0,1.39800275,172175912.0,79.95,10.0,1.0,1.39800275,172175912.0,81.5,10.0,1.0,1.39800275,83.93271894162068
172175912.0,77.7,10.0,1.0,1.39800275,172175912.0,78.01,10.0,1.0,1.39800275,172175912.0,79.95,10.0,1.0,1.39800275,172175912.0,81.5,10.0,1.0,1.39800275,172175912.0,80.8,10.0,1.0,1.39800275,82.56742643719309
172175912.0,78.01,10.0,1.0,1.39800275,172175912.0,79.95,10.0,1.0,1.39800275,172175912.0,81.5,10.0,1.0,1.39800275,172175912.0,80.8,10.0,1.0,1.39800275,172175912.0,80.22,10.0,1.0,1.39800275,85.19760620883946
172175912.0,79.95,10.0,1.0,1.39800275,172175912.0,81.5,10.0,1.0,1.39800275,172175912.0,80.8,10.0,1.0,1.39800275,172175912.0,80.22,10.0,1.0,1.39800275,172175912.0,79.98,10.0,1.0,1.39800275,83.47653508203432
172175912.0,81.5,10.0,1.0,1.39800275,172175912.0,80.8,10.0,1.0,1.39800275,172175912.0,80.22,10.0,1.0,1.39800275,172175912.0,79.98,10.0,1.0,1.39800275,172175912.0,80.19,10.0,1.0,1.39800275,84.1328702790229
172175912.0,80.8,10.0,1.0,1.39800275,172175912.0,80.22,10.0,1.0,1.39800275,172175912.0,79.98,10.0,1.0,1.39800275,172175912.0,80.19,10.0,1.0,1.39800275,172175912.0,80.15,10.0,1.0,1.39800275,83.04238158622682
172175912.0,80.22,10.0,1.0,1.39800275,172175912.0,79.98,10.0,1.0,1.39800275,172175912.0,80.19,10.0,1.0,1.39800275,172175912.0,80.15,10.0,1.0,1.39800275,172175912.0,80.93,10.0,1.0,1.39800275,82.32686908050685
172175912.0,79.98,10.0,1.0,1.39800275,172175912.0,80.19,10.0,1.0,1.39800275,172175912.0,80.15,10.0,1.0,1.39800275,172175912.0,80.93,10.0,1.0,1.39800275,172175912.0,81.12,10.0,1.0,1.39800275,83.35826715681529
172175912.0,80.19,10.0,1.0,1.39800275,172175912.0,80.15,10.0,1.0,1.39800275,172175912.0,80.93,10.0,1.0,1.39800275,172175912.0,81.12,10.0,1.0,1.39800275,172175912.0,81.09,10.0,1.0,1.39800275,83.53983661870049
172175912.0,80.15,10.0,1.0,1.39800275,172175912.0,80.93,10.0,1.0,1.39800275,172175912.0,81.12,10.0,1.0,1.39800275,172175912.0,81.09,10.0,1.0,1.39800275,172175912.0,81.2,10.0,1.0,1.39800275,83.19590217674153
172175912.0,80.93,10.0,1.0,1.39800275,172175912.0,81.12,10.0,1.0,1.39800275,172175912.0,81.09,10.0,1.0,1.39800275,172175912.0,81.2,10.0,1.0,1.39800275,172175912.0,80.91,10.0,1.0,1.39800275,82.03177778494887
172175912.0,81.12,10.0,1.0,1.39800275,172175912.0,81.09,10.0,1.0,1.39800275,172175912.0,81.2,10.0,1.0,1.39800275,172175912.0,80.91,10.0,1.0,1.39800275,172175912.0,79.75,10.0,1.0,1.39800275,83.10106072555752
172175912.0,81.09,10.0,1.0,1.39800275,172175912.0,81.2,10.0,1.0,1.39800275,172175912.0,80.91,10.0,1.0,1.39800275,172175912.0,79.75,10.0,1.0,1.39800275,172175912.0,80.22,10.0,1.0,1.39800275,84.50354581040888
172175912.0,81.2,10.0,1.0,1.39800275,172175912.0,80.91,10.0,1.0,1.39800275,172175912.0,79.75,10.0,1.0,1.39800275,172175912.0,80.22,10.0,1.0,1.39800275,172175912.0,81.2,10.0,1.0,1.39800275,84.74447723393406
172175912.0,80.91,10.0,1.0,1.39800275,172175912.0,79.75,10.0,1.0,1.39800275,172175912.0,80.22,10.0,1.0,1.39800275,172175912.0,81.2,10.0,1.0,1.39800275,172175912.0,80.83,10.0,1.0,1.39800275,84.26763922773092
172175912.0,79.75,10.0,1.0,1.39800275,172175912.0,80.22,10.0,1.0,1.39800275,172175912.0,81.2,10.0,1.0,1.39800275,172175912.0,80.83,10.0,1.0,1.39800275,172175912.0,80.01,10.0,1.0,1.39800275,84.98272268486348
172175912.0,80.22,10.0,1.0,1.39800275,172175912.0,81.2,10.0,1.0,1.39800275,172175912.0,80.83,10.0,1.0,1.39800275,172175912.0,80.01,10.0,1.0,1.39800275,172175912.0,81.57,10.0,1.0,1.39800275,84.35329792950243
172175912.0,81.2,10.0,1.0,1.39800275,172175912.0,80.83,10.0,1.0,1.39800275,172175912.0,80.01,10.0,1.0,1.39800275,172175912.0,81.57,10.0,1.0,1.39800275,172175912.0,82.62,10.0,1.0,1.39800275,85.23479533506841
172175912.0,80.83,10.0,1.0,1.39800275,172175912.0,80.01,10.0,1.0,1.39800275,172175912.0,81.57,10.0,1.0,1.39800275,172175912.0,82.62,10.0,1.0,1.39800275,172175912.0,83.76,10.0,1.0,1.39800275,84.35507699597744
172175912.0,80.01,10.0,1.0,1.39800275,172175912.0,81.57,10.0,1.0,1.39800275,172175912.0,82.62,10.0,1.0,1.39800275,172175912.0,83.76,10.0,1.0,1.39800275,172175912.0,83.55,10.0,1.0,1.39800275,84.9841110260302
172175912.0,81.57,10.0,1.0,1.39800275,172175912.0,82.62,10.0,1.0,1.39800275,172175912.0,83.76,10.0,1.0,1.39800275,172175912.0,83.55,10.0,1.0,1.39800275,172175912.0,83.14,10.0,1.0,1.39800275,84.01176369725272
172175912.0,82.62,10.0,1.0,1.39800275,172175912.0,83.76,10.0,1.0,1.39800275,172175912.0,83.55,10.0,1.0,1.39800275,172175912.0,83.14,10.0,1.0,1.39800275,172175912.0,81.51,10.0,1.0,1.39800275,85.0743953665787
172175912.0,83.76,10.0,1.0,1.39800275,172175912.0,83.55,10.0,1.0,1.39800275,172175912.0,83.14,10.0,1.0,1.39800275,172175912.0,81.51,10.0,1.0,1.39800275,172175912.0,82.15,10.0,1.0,1.39800275,84.34014118560128
172175912.0,83.55,10.0,1.0,1.39800275,172175912.0,83.14,10.0,1.0,1.39800275,172175912.0,81.51,10.0,1.0,1.39800275,172175912.0,82.15,10.0,1.0,1.39800275,172175912.0,84.03,10.0,1.0,1.39800275,85.27697987089982
172175912.0,83.14,10.0,1.0,1.39800275,172175912.0,81.51,10.0,1.0,1.39800275,172175912.0,82.15,10.0,1.0,1.39800275,172175912.0,84.03,10.0,1.0,1.39800275,172175912.0,83.7,10.0,1.0,1.39800275,87.38497545395893
172175912.0,81.51,10.0,1.0,1.39800275,172175912.0,82.15,10.0,1.0,1.39800275,172175912.0,84.03,10.0,1.0,1.39800275,172175912.0,83.7,10.0,1.0,1.39800275,172175912.0,85.16,10.0,1.0,1.39800275,87.47243394286393
172175912.0,82.15,10.0,1.0,1.39800275,172175912.0,84.03,10.0,1.0,1.39800275,172175912.0,83.7,10.0,1.0,1.39800275,172175912.0,85.16,10.0,1.0,1.39800275,172175912.0,86.75,10.0,1.0,1.39800275,87.61319521631475
172175912.0,84.03,10.0,1.0,1.39800275,172175912.0,83.7,10.0,1.0,1.39800275,172175912.0,85.16,10.0,1.0,1.39800275,172175912.0,86.75,10.0,1.0,1.39800275,172175912.0,87.06,10.0,1.0,1.39800275,89.39692696704199
172175912.0,83.7,10.0,1.0,1.39800275,172175912.0,85.16,10.0,1.0,1.39800275,172175912.0,86.75,10.0,1.0,1.39800275,172175912.0,87.06,10.0,1.0,1.39800275,172175912.0,85.28,10.0,1.0,1.39800275,90.47932539102447
172175912.0,85.16,10.0,1.0,1.39800275,172175912.0,86.75,10.0,1.0,1.39800275,172175912.0,87.06,10.0,1.0,1.39800275,172175912.0,85.28,10.0,1.0,1.39800275,172175912.0,85.17,10.0,1.0,1.39800275,91.06102779902488
172175912.0,86.75,10.0,1.0,1.39800275,172175912.0,87.06,10.0,1.0,1.39800275,172175912.0,85.28,10.0,1.0,1.39800275,172175912.0,85.17,10.0,1.0,1.39800275,172175912.0,86.75,10.0,1.0,1.39800275,91.60359282676838
172175912.0,87.06,10.0,1.0,1.39800275,172175912.0,85.28,10.0,1.0,1.39800275,172175912.0,85.17,10.0,1.0,1.39800275,172175912.0,86.75,10.0,1.0,1.39800275,172175912.0,85.81,10.0,1.0,1.39800275,91.0133001516286
172175912.0,85.28,10.0,1.0,1.39800275,172175912.0,85.17,10.0,1.0,1.39800275,172175912.0,86.75,10.0,1.0,1.39800275,172175912.0,85.81,10.0,1.0,1.39800275,172175912.0,85.3,10.0,1.0,1.39800275,91.35731223498806
172175912.0,85.17,10.0,1.0,1.39800275,172175912.0,86.75,10.0,1.0,1.39800275,172175912.0,85.81,10.0,1.0,1.39800275,172175912.0,85.3,10.0,1.0,1.39800275,172175912.0,84.07,10.0,1.0,1.39800275,91.76734200798366
172175912.0,86.75,10.0,1.0,1.39800275,172175912.0,85.81,10.0,1.0,1.39800275,172175912.0,85.3,10.0,1.0,1.39800275,172175912.0,84.07,10.0,1.0,1.39800275,172175912.0,84.01,10.0,1.0,1.39800275,93.03136631553464
172175912.0,85.81,10.0,1.0,1.39800275,172175912.0,85.3,10.0,1.0,1.39800275,172175912.0,84.07,10.0,1.0,1.39800275,172175912.0,84.01,10.0,1.0,1.39800275,172175912.0,83.53,10.0,1.0,1.39800275,92.85689148233952
172175912.0,85.3,10.0,1.0,1.39800275,172175912.0,84.07,10.0,1.0,1.39800275,172175912.0,84.01,10.0,1.0,1.39800275,172175912.0,83.53,10.0,1.0,1.39800275,172175912.0,84.05,10.0,1.0,1.39800275,91.61580461041784
172175912.0,84.07,10.0,1.0,1.39800275,172175912.0,84.01,10.0,1.0,1.39800275,172175912.0,83.53,10.0,1.0,1.39800275,172175912.0,84.05,10.0,1.0,1.39800275,172175912.0,85.16,10.0,1.0,1.39800275,91.69998171839396
172175912.0,84.01,10.0,1.0,1.39800275,172175912.0,83.53,10.0,1.0,1.39800275,172175912.0,84.05,10.0,1.0,1.39800275,172175912.0,85.16,10.0,1.0,1.39800275,172175912.0,86.17,10.0,1.0,1.39800275,91.61871391345947
172175912.0,83.53,10.0,1.0,1.39800275,172175912.0,84.05,10.0,1.0,1.39800275,172175912.0,85.16,10.0,1.0,1.39800275,172175912.0,86.17,10.0,1.0,1.39800275,172175912.0,84.97,10.0,1.0,1.39800275,91.37350460214974
172175912.0,84.05,10.0,1.0,1.39800275,172175912.0,85.16,10.0,1.0,1.39800275,172175912.0,86.17,10.0,1.0,1.39800275,172175912.0,84.97,10.0,1.0,1.39800275,172175912.0,84.05,10.0,1.0,1.39800275,90.98068059618775
172175912.0,85.16,10.0,1.0,1.39800275,172175912.0,86.17,10.0,1.0,1.39800275,172175912.0,84.97,10.0,1.0,1.39800275,172175912.0,84.05,10.0,1.0,1.39800275,172175912.0,83.02,10.0,1.0,1.39800275,89.11543125669652
172175912.0,86.17,10.0,1.0,1.39800275,172175912.0,84.97,10.0,1.0,1.39800275,172175912.0,84.05,10.0,1.0,1.39800275,172175912.0,83.02,10.0,1.0,1.39800275,172175912.0,83.57,10.0,1.0,1.39800275,88.66878233715974
172175912.0,84.97,10.0,1.0,1.39800275,172175912.0,84.05,10.0,1.0,1.39800275,172175912.0,83.02,10.0,1.0,1.39800275,172175912.0,83.57,10.0,1.0,1.39800275,172175912.0,83.56,10.0,1.0,1.39800275,89.16357299606788
172175912.0,84.05,10.0,1.0,1.39800275,172175912.0,83.02,10.0,1.0,1.39800275,172175912.0,83.57,10.0,1.0,1.39800275,172175912.0,83.56,10.0,1.0,1.39800275,172175912.0,83.46,10.0,1.0,1.39800275,89.87091033852028
172175912.0,83.02,10.0,1.0,1.39800275,172175912.0,83.57,10.0,1.0,1.39800275,172175912.0,83.56,10.0,1.0,1.39800275,172175912.0,83.46,10.0,1.0,1.39800275,172175912.0,84.4,10.0,1.0,1.39800275,90.35160677606817
172175912.0,83.57,10.0,1.0,1.39800275,172175912.0,83.56,10.0,1.0,1.39800275,172175912.0,83.46,10.0,1.0,1.39800275,172175912.0,84.4,10.0,1.0,1.39800275,172175912.0,85.53,10.0,1.0,1.39800275,90.4294977863172
172175912.0,83.56,10.0,1.0,1.39800275,172175912.0,83.46,10.0,1.0,1.39800275,172175912.0,84.4,10.0,1.0,1.39800275,172175912.0,85.53,10.0,1.0,1.39800275,172175912.0,84.64,10.0,1.0,1.39800275,89.70031281357544
172175912.0,83.46,10.0,1.0,1.39800275,172175912.0,84.4,10.0,1.0,1.39800275,172175912.0,85.53,10.0,1.0,1.39800275,172175912.0,84.64,10.0,1.0,1.39800275,172175912.0,81.95,10.0,1.0,1.39800275,89.48544145764374
172175912.0,84.4,10.0,1.0,1.39800275,172175912.0,85.53,10.0,1.0,1.39800275,172175912.0,84.64,10.0,1.0,1.39800275,172175912.0,81.95,10.0,1.0,1.39800275,172175912.0,82.35,10.0,1.0,1.39800275,89.9872056593791
172175912.0,85.53,10.0,1.0,1.39800275,172175912.0,84.64,10.0,1.0,1.39800275,172175912.0,81.95,10.0,1.0,1.39800275,172175912.0,82.35,10.0,1.0,1.39800275,172175912.0,82.31,10.0,1.0,1.39800275,90.50466754667929
172175912.0,84.64,10.0,1.0,1.39800275,172175912.0,81.95,10.0,1.0,1.39800275,172175912.0,82.35,10.0,1.0,1.39800275,172175912.0,82.31,10.0,1.0,1.39800275,172175912.0,80.27,10.0,1.0,1.39800275,90.63093652358327
172175912.0,81.95,10.0,1.0,1.39800275,172175912.0,82.35,10.0,1.0,1.39800275,172175912.0,82.31,10.0,1.0,1.39800275,172175912.0,80.27,10.0,1.0,1.39800275,172175912.0,79.85,10.0,1.0,1.39800275,91.9170024941698
172175912.0,82.35,10.0,1.0,1.39800275,172175912.0,82.31,10.0,1.0,1.39800275,172175912.0,80.27,10.0,1.0,1.39800275,172175912.0,79.85,10.0,1.0,1.39800275,172175912.0,79.76,10.0,1.0,1.39800275,93.43802517248744
172175912.0,82.31,10.0,1.0,1.39800275,172175912.0,80.27,10.0,1.0,1.39800275,172175912.0,79.85,10.0,1.0,1.39800275,172175912.0,79.76,10.0,1.0,1.39800275,172175912.0,80.86,10.0,1.0,1.39800275,92.29096298731602
172175912.0,80.27,10.0,1.0,1.39800275,172175912.0,79.85,10.0,1.0,1.39800275,172175912.0,79.76,10.0,1.0,1.39800275,172175912.0,80.86,10.0,1.0,1.39800275,172175912.0,81.97,10.0,1.0,1.39800275,92.44661286020786
172175912.0,79.85,10.0,1.0,1.39800275,172175912.0,79.76,10.0,1.0,1.39800275,172175912.0,80.86,10.0,1.0,1.39800275,172175912.0,81.97,10.0,1.0,1.39800275,172175912.0,80.5,10.0,1.0,1.39800275,91.98755548689952
172175912.0,79.76,10.0,1.0,1.39800275,172175912.0,80.86,10.0,1.0,1.39800275,172175912.0,81.97,10.0,1.0,1.39800275,172175912.0,80.5,10.0,1.0,1.39800275,172175912.0,78.2,10.0,1.0,1.39800275,91.75500444642472
172175912.0,80.86,10.0,1.0,1.39800275,172175912.0,81.97,10.0,1.0,1.39800275,172175912.0,80.5,10.0,1.0,1.39800275,172175912.0,78.2,10.0,1.0,1.39800275,172175912.0,77.91,10.0,1.0,1.39800275,92.82644830515136
172175912.0,81.97,10.0,1.0,1.39800275,172175912.0,80.5,10.0,1.0,1.39800275,172175912.0,78.2,10.0,1.0,1.39800275,172175912.0,77.91,10.0,1.0,1.39800275,172175912.0,79.24,10.0,1.0,1.39800275,93.91311509394588
172175912.0,80.5,10.0,1.0,1.39800275,172175912.0,78.2,10.0,1.0,1.39800275,172175912.0,77.91,10.0,1.0,1.39800275,172175912.0,79.24,10.0,1.0,1.39800275,172175912.0,77.62,10.0,1.0,1.39800275,94.77056933889816
172175912.0,78.2,10.0,1.0,1.39800275,172175912.0,77.91,10.0,1.0,1.39800275,172175912.0,79.24,10.0,1.0,1.39800275,172175912.0,77.62,10.0,1.0,1.39800275,172175912.0,78.85,10.0,1.0,1.39800275,94.44135252625816
172175912.0,77.91,10.0,1.0,1.39800275,172175912.0,79.24,10.0,1.0,1.39800275,172175912.0,77.62,10.0,1.0,1.39800275,172175912.0,78.85,10.0,1.0,1.39800275,172175912.0,81.76,10.0,1.0,1.39800275,96.7337395916962
172175912.0,79.24,10.0,1.0,1.39800275,172175912.0,77.62,10.0,1.0,1.39800275,172175912.0,78.85,10.0,1.0,1.39800275,172175912.0,81.76,10.0,1.0,1.39800275,172175912.0,82.92,10.0,1.0,1.39800275,95.92303891984078
172175912.0,77.62,10.0,1.0,1.39800275,172175912.0,78.85,10.0,1.0,1.39800275,172175912.0,81.76,10.0,1.0,1.39800275,172175912.0,82.92,10.0,1.0,1.39800275,172175912.0,82.96,10.0,1.0,1.39800275,95.0622863782556
172175912.0,78.85,10.0,1.0,1.39800275,172175912.0,81.76,10.0,1.0,1.39800275,172175912.0,82.92,10.0,1.0,1.39800275,172175912.0,82.96,10.0,1.0,1.39800275,172175912.0,83.22,10.0,1.0,1.39800275,93.51304220060096
172175912.0,81.76,10.0,1.0,1.39800275,172175912.0,82.92,10.0,1.0,1.39800275,172175912.0,82.96,10.0,1.0,1.39800275,172175912.0,83.22,10.0,1.0,1.39800275,172175912.0,81.01,10.0,1.0,1.39800275,94.51858513129146
172175912.0,82.92,10.0,1.0,1.39800275,172175912.0,82.96,10.0,1.0,1.39800275,172175912.0,83.22,10.0,1.0,1.39800275,172175912.0,81.01,10.0,1.0,1.39800275,172175912.0,81.89,10.0,1.0,1.39800275,95.90351982011852
172175912.0,82.96,10.0,1.0,1.39800275,172175912.0,83.22,10.0,1.0,1.39800275,172175912.0,81.01,10.0,1.0,1.39800275,172175912.0,81.89,10.0,1.0,1.39800275,172175912.0,83.66,10.0,1.0,1.39800275,96.24662558864554
172175912.0,83.22,10.0,1.0,1.39800275,172175912.0,81.01,10.0,1.0,1.39800275,172175912.0,81.89,10.0,1.0,1.39800275,172175912.0,83.66,10.0,1.0,1.39800275,172175912.0,82.74,10.0,1.0,1.39800275,96.94863658590268
172175912.0,81.01,10.0,1.0,1.39800275,172175912.0,81.89,10.0,1.0,1.39800275,172175912.0,83.66,10.0,1.0,1.39800275,172175912.0,82.74,10.0,1.0,1.39800275,172175912.0,81.99,10.0,1.0,1.39800275,96.49465349578465
172175912.0,81.89,10.0,1.0,1.39800275,172175912.0,83.66,10.0,1.0,1.39800275,172175912.0,82.74,10.0,1.0,1.39800275,172175912.0,81.99,10.0,1.0,1.39800275,172175912.0,81.23,10.0,1.0,1.39800275,93.92756957401846
172175912.0,83.66,10.0,1.0,1.39800275,172175912.0,82.74,10.0,1.0,1.39800275,172175912.0,81.99,10.0,1.0,1.39800275,172175912.0,81.23,10.0,1.0,1.39800275,172175912.0,78.85,10.0,1.0,1.39800275,90.14984079664332
172175912.0,82.74,10.0,1.0,1.39800275,172175912.0,81.99,10.0,1.0,1.39800275,172175912.0,81.23,10.0,1.0,1.39800275,172175912.0,78.85,10.0,1.0,1.39800275,172175912.0,73.27,10.0,1.0,1.39800275,91.59894188264492
172175912.0,81.99,10.0,1.0,1.39800275,172175912.0,81.23,10.0,1.0,1.39800275,172175912.0,78.85,10.0,1.0,1.39800275,172175912.0,73.27,10.0,1.0,1.39800275,172175912.0,71.83,10.0,1.0,1.39800275,90.11580325119658
172175912.0,81.23,10.0,1.0,1.39800275,172175912.0,78.85,10.0,1.0,1.39800275,172175912.0,73.27,10.0,1.0,1.39800275,172175912.0,71.83,10.0,1.0,1.39800275,172175912.0,73.14,10.0,1.0,1.39800275,87.84399646878545
172175912.0,78.85,10.0,1.0,1.39800275,172175912.0,73.27,10.0,1.0,1.39800275,172175912.0,71.83,10.0,1.0,1.39800275,172175912.0,73.14,10.0,1.0,1.39800275,172181500.0,68.97,10.0,1.0,1.39800275,85.18159960910472
172175912.0,73.27,10.0,1.0,1.39800275,172175912.0,71.83,10.0,1.0,1.39800275,172175912.0,73.14,10.0,1.0,1.39800275,172181500.0,68.97,10.0,1.0,1.39800275,172181500.0,67.7,10.0,1.0,1.39800275,86.26847886997857
172175912.0,71.83,10.0,1.0,1.39800275,172175912.0,73.14,10.0,1.0,1.39800275,172181500.0,68.97,10.0,1.0,1.39800275,172181500.0,67.7,10.0,1.0,1.39800275,172181500.0,70.13,10.0,1.0,1.39800275,85.81747010205311
172175912.0,73.14,10.0,1.0,1.39800275,172181500.0,68.97,10.0,1.0,1.39800275,172181500.0,67.7,10.0,1.0,1.39800275,172181500.0,70.13,10.0,1.0,1.39800275,172181500.0,70.87,10.0,1.0,1.39800275,85.32804708239307
172181500.0,68.97,10.0,1.0,1.39800275,172181500.0,67.7,10.0,1.0,1.39800275,172181500.0,70.13,10.0,1.0,1.39800275,172181500.0,70.87,10.0,1.0,1.39800275,172181500.0,71.1,10.0,1.0,1.39800275,89.49075939571911
172181500.0,67.7,10.0,1.0,1.39800275,172181500.0,70.13,10.0,1.0,1.39800275,172181500.0,70.87,10.0,1.0,1.39800275,172181500.0,71.1,10.0,1.0,1.39800275,172181500.0,74.5,10.0,1.0,1.39800275,90.11897942969708
172181500.0,70.13,10.0,1.0,1.39800275,172181500.0,70.87,10.0,1.0,1.39800275,172181500.0,71.1,10.0,1.0,1.39800275,172181500.0,74.5,10.0,1.0,1.39800275,172181500.0,74.36,10.0,1.0,1.39800275,89.67171867755097
172181500.0,70.87,10.0,1.0,1.39800275,172181500.0,71.1,10.0,1.0,1.39800275,172181500.0,74.5,10.0,1.0,1.39800275,172181500.0,74.36,10.0,1.0,1.39800275,172181500.0,76.12,10.0,1.0,1.39800275,89.01896383925262
172181500.0,71.1,10.0,1.0,1.39800275,172181500.0,74.5,10.0,1.0,1.39800275,172181500.0,74.36,10.0,1.0,1.39800275,172181500.0,76.12,10.0,1.0,1.39800275,172181500.0,74.81,10.0,1.0,1.39800275,89.49514606667428
172181500.0,74.5,10.0,1.0,1.39800275,172181500.0,74.36,10.0,1.0,1.39800275,172181500.0,76.12,10.0,1.0,1.39800275,172181500.0,74.81,10.0,1.0,1.39800275,172181500.0,73.48,10.0,1.0,1.39800275,89.48004516213616
172181500.0,74.36,10.0,1.0,1.39800275,172181500.0,76.12,10.0,1.0,1.39800275,172181500.0,74.81,10.0,1.0,1.39800275,172181500.0,73.48,10.0,1.0,1.39800275,172181500.0,74.32,10.0,1.0,1.39800275,88.88184822863634
172181500.0,76.12,10.0,1.0,1.39800275,172181500.0,74.81,10.0,1.0,1.39800275,172181500.0,73.48,10.0,1.0,1.39800275,172181500.0,74.32,10.0,1.0,1.39800275,172181500.0,75.82,10.0,1.0,1.39800275,89.00055749495442
172181500.0,74.81,10.0,1.0,1.39800275,172181500.0,73.48,10.0,1.0,1.39800275,172181500.0,74.32,10.0,1.0,1.39800275,172181500.0,75.82,10.0,1.0,1.39800275,172181500.0,75.5,10.0,1.0,1.39800275,89.04177797600575
172181500.0,73.48,10.0,1.0,1.39800275,172181500.0,74.32,10.0,1.0,1.39800275,172181500.0,75.82,10.0,1.0,1.39800275,172181500.0,75.5,10.0,1.0,1.39800275,172181500.0,76.01,10.0,1.0,1.39800275,88.86060461324713
172181500.0,74.32,10.0,1.0,1.39800275,172181500.0,75.82,10.0,1.0,1.39800275,172181500.0,75.5,10.0,1.0,1.39800275,172181500.0,76.01,10.0,1.0,1.39800275,172181500.0,78.0,10.0,1.0,1.39800275,87.78682050117068
172181500.0,75.82,10.0,1.0,1.39800275,172181500.0,75.5,10.0,1.0,1.39800275,172181500.0,76.01,10.0,1.0,1.39800275,172181500.0,78.0,10.0,1.0,1.39800275,172181500.0,76.77,10.0,1.0,1.39800275,87.63498853524136
172181500.0,75.5,10.0,1.0,1.39800275,172181500.0,76.01,10.0,1.0,1.39800275,172181500.0,78.0,10.0,1.0,1.39800275,172181500.0,76.77,10.0,1.0,1.39800275,172181500.0,76.69,10.0,1.0,1.39800275,87.04071742754859
172181500.0,76.01,10.0,1.0,1.39800275,172181500.0,78.0,10.0,1.0,1.39800275,172181500.0,76.77,10.0,1.0,1.39800275,172181500.0,76.69,10.0,1.0,1.39800275,172181500.0,76.44,10.0,1.0,1.39800275,86.44161636602419
172181500.0,78.0,10.0,1.0,1.39800275,172181500.0,76.77,10.0,1.0,1.39800275,172181500.0,76.69,10.0,1.0,1.39800275,172181500.0,76.44,10.0,1.0,1.39800275,172181500.0,74.85,10.0,1.0,1.39800275,86.94908714374935
172181500.0,76.77,10.0,1.0,1.39800275,172181500.0,76.69,10.0,1.0,1.39800275,172181500.0,76.44,10.0,1.0,1.39800275,172181500.0,74.85,10.0,1.0,1.39800275,172181500.0,75.65,10.0,1.0,1.39800275,88.62100893372792
172181500.0,76.69,10.0,1.0,1.39800275,172181500.0,76.44,10.0,1.0,1.39800275,172181500.0,74.85,10.0,1.0,1.39800275,172181500.0,75.65,10.0,1.0,1.39800275,172181500.0,76.41,10.0,1.0,1.39800275,88.33153310822581
172181500.0,76.44,10.0,1.0,1.39800275,172181500.0,74.85,10.0,1.0,1.39800275,172181500.0,75.65,10.0,1.0,1.39800275,172181500.0,76.41,10.0,1.0,1.39800275,172181500.0,76.83,10.0,1.0,1.39800275,88.95612864203036
172181500.0,74.85,10.0,1.0,1.39800275,172181500.0,75.65,10.0,1.0,1.39800275,172181500.0,76.41,10.0,1.0,1.39800275,172181500.0,76.83,10.0,1.0,1.39800275,172181500.0,78.46,10.0,1.0,1.39800275,89.44924437146526
172181500.0,75.65,10.0,1.0,1.39800275,172181500.0,76.41,10.0,1.0,1.39800275,172181500.0,76.83,10.0,1.0,1.39800275,172181500.0,78.46,10.0,1.0,1.39800275,172181500.0,78.48,10.0,1.0,1.39800275,88.99744594083002
172181500.0,76.41,10.0,1.0,1.39800275,172181500.0,76.83,10.0,1.0,1.39800275,172181500.0,78.46,10.0,1.0,1.39800275,172181500.0,78.48,10.0,1.0,1.39800275,172181500.0,78.06,10.0,1.0,1.39800275,88.97155021707256
172181500.0,76.83,10.0,1.0,1.39800275,172181500.0,78.46,10.0,1.0,1.39800275,172181500.0,78.48,10.0,1.0,1.39800275,172181500.0,78.06,10.0,1.0,1.39800275,172181500.0,76.64,10.0,1.0,1.39800275,90.16952637170972
172181500.0,78.46,10.0,1.0,1.39800275,172181500.0,78.48,10.0,1.0,1.39800275,172181500.0,78.06,10.0,1.0,1.39800275,172181500.0,76.64,10.0,1.0,1.39800275,172181500.0,77.46,10.0,1.0,1.39800275,89.9238486992643
172181500.0,78.48,10.0,1.0,1.39800275,172181500.0,78.06,10.0,1.0,1.39800275,172181500.0,76.64,10.0,1.0,1.39800275,172181500.0,77.46,10.0,1.0,1.39800275,172181500.0,78.41,10.0,1.0,1.39800275,91.2569411203321
172181500.0,78.06,10.0,1.0,1.39800275,172181500.0,76.64,10.0,1.0,1.39800275,172181500.0,77.46,10.0,1.0,1.39800275,172181500.0,78.41,10.0,1.0,1.39800275,172181500.0,78.18,10.0,1.0,1.39800275,92.8419763589164
172181500.0,76.64,10.0,1.0,1.39800275,172181500.0,77.46,10.0,1.0,1.39800275,172181500.0,78.41,10.0,1.0,1.39800275,172181500.0,78.18,10.0,1.0,1.39800275,172181500.0,80.04,10.0,1.0,1.39800275,93.6085794353192
172181500.0,77.46,10.0,1.0,1.39800275,172181500.0,78.41,10.0,1.0,1.39800275,172181500.0,78.18,10.0,1.0,1.39800275,172181500.0,80.04,10.0,1.0,1.39800275,172181500.0,80.5,10.0,1.0,1.39800275,94.8306309185914
172181500.0,78.41,10.0,1.0,1.39800275,172181500.0,78.18,10.0,1.0,1.39800275,172181500.0,80.04,10.0,1.0,1.39800275,172181500.0,80.5,10.0,1.0,1.39800275,172181500.0,81.0,10.0,1.0,1.39800275,96.06786110238193
172181500.0,78.18,10.0,1.0,1.39800275,172181500.0,80.04,10.0,1.0,1.39800275,172181500.0,80.5,10.0,1.0,1.39800275,172181500.0,81.0,10.0,1.0,1.39800275,172181500.0,82.25,10.0,1.0,1.39800275,95.46192187945935
172181500.0,80.04,10.0,1.0,1.39800275,172181500.0,80.5,10.0,1.0,1.39800275,172181500.0,81.0,10.0,1.0,1.39800275,172181500.0,82.25,10.0,1.0,1.39800275,172181500.0,82.52,10.0,1.0,1.39800275,96.98117692185568
172181500.0,80.5,10.0,1.0,1.39800275,172181500.0,81.0,10.0,1.0,1.39800275,172181500.0,82.25,10.0,1.0,1.39800275,172181500.0,82.52,10.0,1.0,1.39800275,172181500.0,81.51,10.0,1.0,1.39800275,96.54531395124692
172181500.0,81.0,10.0,1.0,1.39800275,172181500.0,82.25,10.0,1.0,1.39800275,172181500.0,82.52,10.0,1.0,1.39800275,172181500.0,81.51,10.0,1.0,1.39800275,172181500.0,81.88,10.0,1.0,1.39800275,96.5204710978724
172181500.0,82.25,10.0,1.0,1.39800275,172181500.0,82.52,10.0,1.0,1.39800275,172181500.0,81.51,10.0,1.0,1.39800275,172181500.0,81.88,10.0,1.0,1.39800275,172181500.0,81.14,10.0,1.0,1.39800275,94.78923895377376
172181500.0,82.52,10.0,1.0,1.39800275,172181500.0,81.51,10.0,1.0,1.39800275,172181500.0,81.88,10.0,1.0,1.39800275,172181500.0,81.14,10.0,1.0,1.39800275,172181500.0,80.15,10.0,1.0,1.39800275,94.57260314513437
172181500.0,81.51,10.0,1.0,1.39800275,172181500.0,81.88,10.0,1.0,1.39800275,172181500.0,81.14,10.0,1.0,1.39800275,172181500.0,80.15,10.0,1.0,1.39800275,172181500.0,79.5,10.0,1.0,1.39800275,93.86961667016097
172181500.0,81.88,10.0,1.0,1.39800275,172181500.0,81.14,10.0,1.0,1.39800275,172181500.0,80.15,10.0,1.0,1.39800275,172181500.0,79.5,10.0,1.0,1.39800275,172181500.0,79.65,10.0,1.0,1.39800275,93.91835623115554
172181500.0,81.14,10.0,1.0,1.39800275,172181500.0,80.15,10.0,1.0,1.39800275,172181500.0,79.5,10.0,1.0,1.39800275,172181500.0,79.65,10.0,1.0,1.39800275,172181500.0,78.86,10.0,1.0,1.39800275,92.55664957339924
172181500.0,80.15,10.0,1.0,1.39800275,172181500.0,79.5,10.0,1.0,1.39800275,172181500.0,79.65,10.0,1.0,1.39800275,172181500.0,78.86,10.0,1.0,1.39800275,172181500.0,79.17,10.0,1.0,1.39800275,91.99061364018311
172181500.0,79.5,10.0,1.0,1.39800275,172181500.0,79.65,10.0,1.0,1.39800275,172181500.0,78.86,10.0,1.0,1.39800275,172181500.0,79.17,10.0,1.0,1.39800275,172181500.0,80.37,10.0,1.0,1.39800275,91.36350373941951
172181500.0,79.65,10.0,1.0,1.39800275,172181500.0,78.86,10.0,1.0,1.39800275,172181500.0,79.17,10.0,1.0,1.39800275,172181500.0,80.37,10.0,1.0,1.39800275,172181500.0,81.52,10.0,1.0,1.39800275,89.93595331684303
172181500.0,78.86,10.0,1.0,1.39800275,172181500.0,79.17,10.0,1.0,1.39800275,172181500.0,80.37,10.0,1.0,1.39800275,172181500.0,81.52,10.0,1.0,1.39800275,172181500.0,80.29,10.0,1.0,1.39800275,89.42037908908627
172181500.0,79.17,10.0,1.0,1.39800275,172181500.0,80.37,10.0,1.0,1.39800275,172181500.0,81.52,10.0,1.0,1.39800275,172181500.0,80.29,10.0,1.0,1.39800275,172181500.0,79.1,10.0,1.0,1.39800275,89.43859317336593
172181500.0,80.37,10.0,1.0,1.39800275,172181500.0,81.52,10.0,1.0,1.39800275,172181500.0,80.29,10.0,1.0,1.39800275,172181500.0,79.1,10.0,1.0,1.39800275,172181500.0,80.35,10.0,1.0,1.39800275,86.95698696723682
172181500.0,81.52,10.0,1.0,1.39800275,172181500.0,80.29,10.0,1.0,1.39800275,172181500.0,79.1,10.0,1.0,1.39800275,172181500.0,80.35,10.0,1.0,1.39800275,172181500.0,79.62,10.0,1.0,1.39800275,86.3196861388744
172181500.0,80.29,10.0,1.0,1.39800275,172181500.0,79.1,10.0,1.0,1.39800275,172181500.0,80.35,10.0,1.0,1.39800275,172181500.0,79.62,10.0,1.0,1.39800275,172181500.0,78.84,10.0,1.0,1.39800275,86.33282942388678
172181500.0,79.1,10.0,1.0,1.39800275,172181500.0,80.35,10.0,1.0,1.39800275,172181500.0,79.62,10.0,1.0,1.39800275,172181500.0,78.84,10.0,1.0,1.39800275,172181500.0,78.65,10.0,1.0,1.39800275,86.4396408542326
172181500.0,80.35,10.0,1.0,1.39800275,172181500.0,79.62,10.0,1.0,1.39800275,172181500.0,78.84,10.0,1.0,1.39800275,172181500.0,78.65,10.0,1.0,1.39800275,172181500.0,77.96,10.0,1.0,1.39800275,86.12225608459985
172181500.0,79.62,10.0,1.0,1.39800275,172181500.0,78.84,10.0,1.0,1.39800275,172181500.0,78.65,10.0,1.0,1.39800275,172181500.0,77.96,10.0,1.0,1.39800275,172181500.0,78.0,10.0,1.0,1.39800275,91.47636577755074
172181500.0,78.84,10.0,1.0,1.39800275,172181500.0,78.65,10.0,1.0,1.39800275,172181500.0,77.96,10.0,1.0,1.39800275,172181500.0,78.0,10.0,1.0,1.39800275,172181500.0,80.2,10.0,1.0,1.39800275,90.41371510685528
172181500.0,78.65,10.0,1.0,1.39800275,172181500.0,77.96,10.0,1.0,1.39800275,172181500.0,78.0,10.0,1.0,1.39800275,172181500.0,80.2,10.0,1.0,1.39800275,172181500.0,82.4,10.0,1.0,1.39800275,
172181500.0,77.96,10.0,1.0,1.39800275,172181500.0,78.0,10.0,1.0,1.39800275,172181500.0,80.2,10.0,1.0,1.39800275,172181500.0,82.4,10.0,1.0,1.39800275,172181500.0,81.4,10.0,1.0,1.39800275,
172181500.0,78.0,10.0,1.0,1.39800275,172181500.0,80.2,10.0,1.0,1.39800275,172181500.0,82.4,10.0,1.0,1.39800275,172181500.0,81.4,10.0,1.0,1.39800275,,,,,,
172181500.0,80.2,10.0,1.0,1.39800275,172181500.0,82.4,10.0,1.0,1.39800275,172181500.0,81.4,10.0,1.0,1.39800275,,,,,,,,,,,
172181500.0,82.4,10.0,1.0,1.39800275,172181500.0,81.4,10.0,1.0,1.39800275,,,,,,,,,,,,,,,,
172181500.0,81.4,10.0,1.0,1.39800275,,,,,,,,,,,,,,,,,,,,,
,,,,,,,,,,,,,,,,,,,,,,,,,
,,,,,,,,,,,,,,,,,,,,,,,,,
,,,,,,,,,,,,,,,,,,,,,,,,,
,,,,,,,,,,,,,,,,,,,,,,,,,
,,,,,,,,,,,,,,,,,,,,,,,,,
,,,,,,,,,,,,,,,,,,,,,,,,,
,,,,,,,,,,,,,,,,,,,,,,,,,
,,,,,,,,,,,,,,,,,,,,,,,,,
,,,,,,,,,,,,,,,,,,,,,,,,,
,,,,,,,,,,,,,,,,,,,,,,,,,
,,,,,,,,,,,,,,,,,,,,,,,,,
,,,,,,,,,,,,,,,,,,,,,,,,,
,,,,,,,,,,,,,,,,,,,,,,,,,
,,,,,,,,,,,,,,,,,,,,,,,,,
,,,,,,,,,,,,,,,,,,,,,,,,,
,,,,,,,,,,,,,,,,,,,,,,,,,
,,,,,,,,,,,,,,,,,,,,,,,,,
,,,,,,,,,,,,,,,,,,,,,,,,,
,,,,,,,,,,,,,,,,,,,,,,,,,
,,,,,,,,,,,,,,,,,,,,,,,,,
,,,,,,,,,,,,,,,,,,,,,,,,,
,,,,,,,,,,,,,,,,,,,,,,,,,
,,,,,,,,,,,,,,,,,,,,,,,,,
,,,,,,,,,,,,,,,,,,,,,,,,,
,,,,,,,,,,,,,,,,,,,,,,,,,
,,,,,,,,,,,,,,,,,,,,,,,,,
,,,,,,,,,,,,,,,,,,,,,,,,,
,,,,,,,,,,,,,,,,,,,,,,,,,
,,,,,,,,,,,,,,,,,,,,,,,,,
,,,,,,,,,,,,,,,,,,,,,,,,,
,,,,,,,,,,,,,,,,,,,,,,,,,
,,,,,,,,,,,,,,,,,,,,,,,,,
,,,,,,,,,,,,,,,,,,,,,,,,,
,,,,,,,,,,,,,,,,,,,,,,,,,
,,,,,,,,,,,,,,,,,,,,,,,,,
,,,,,,,,,,,,,,,,,,,,,,,,,
,,,,,,,,,,,,,,,,,,,,,,,,,
,,,,,,,,,,,,,,,,,,,,,,,,,
,,,,,,,,,,,,,,,,,,,,,,,,,
,,,,,,,,,,,,,,,,,,,,,,,,,
,,,,,,,,,,,,,,,,,,,,,,,,,
,,,,,,,,,,,,,,,,,,,,,,,,,
,,,,,,,,,,,,,,,,,,,,,,,,,
,,,,,,,,,,,,,,,,,,,,,,,,,
,,,,,,,,,,,,,,,,,,,,,,,,,
,,,,,,,,,,,,,,,,,,,,,,,,,
,,,,,,,,,,,,,,,,,,,,,,,,,
,,,,,,,,,,,,,,,,,,,,,,,,,
,,,,,,,,,,,,,,,,,,,,,,,,,
,,,,,,,,,,,,,,,,,,,,,,,,,
,,,,,,,,,,,,,,,,,,,,,,,,,
,,,,,,,,,,,,,,,,,,,,,,,,,
,,,,,,,,,,,,,,,,,,,,,,,,,
,,,,,,,,,,,,,,,,,,,,,,,,,
,,,,,,,,,,,,,,,,,,,,,,,,,
,,,,,,,,,,,,,,,,,,,,,,,,,
,,,,,,,,,,,,,,,,,,,,,,,,,
,,,,,,,,,,,,,,,,,,,,,,,,,
,,,,,,,,,,,,,,,,,,,,,,,,,
,,,,,,,,,,,,,,,,,,,,,,,,,
,,,,,,,,,,,,,,,,,,,,,,,,,
,,,,,,,,,,,,,,,,,,,,,,,,,
,,,,,,,,,,,,,,,,,,,,,,,,,
,,,,,,,,,,,,,,,,,,,,,,,,,
,,,,,,,,,,,,,,,,,,,,,,,,,
,,,,,,,,,,,,,,,,,,,,,,,,,
,,,,,,,,,,,,,,,,,,,,,,,,,
,,,,,,,,,,,,,,,,,,,,,,,,,
,,,,,,,,,,,,,,,,,,,,,,,,,
,,,,,,,,,,,,,,,,,,,,,,,,,
,,,,,,,,,,,,,,,,,,,,,,,,,
,,,,,,,,,,,,,,,,,,,,,,,,,
,,,,,,,,,,,,,,,,,,,,,,,,,
,,,,,,,,,,,,,,,,,,,,,,,,,
,,,,,,,,,,,,,,,,,,,,,,,,,
,,,,,,,,,,,,,,,,,,,,,,,,,
,,,,,,,,,,,,,,,,,,,,,,,,,
,,,,,,,,,,,,,,,,,,,,,,,,,
,,,,,,,,,,,,,,,,,,,,,,,,,
,,,,,,,,,,,,,,,,,,,,,,,,,
,,,,,,,,,,,,,,,,,,,,,,,,,
,,,,,,,,,,,,,,,,,,,,,,,,,
,,,,,,,,,,,,,,,,,,,,,,,,,
,,,,,,,,,,,,,,,,,,,,,,,,,
,,,,,,,,,,,,,,,,,,,,,,,,,
,,,,,,,,,,,,,,,,,,,,,,,,,
,,,,,,,,,,,,,,,,,,,,,,,,,
,,,,,,,,,,,,,,,,,,,,,,,,,
,,,,,,,,,,,,,,,,,,,,,,,,,
,,,,,,,,,,,,,,,,,,,,,,,,,
,,,,,,,,,,,,,,,,,,,,,,,,,
,,,,,,,,,,,,,,,,,,,,,,,,,
,,,,,,,,,,,,,,,,,,,,,,,,,
,,,,,,,,,,,,,,,,,,,,,,,,,
,,,,,,,,,,,,,,,,,,,,,,,,,
,,,,,,,,,,,,,,,,,,,,,,,,,
,,,,,,,,,,,,,,,,,,,,,,,,,
,,,,,,,,,,,,,,,,,,,,,,,,,
,,,,,,,,,,,,,,,,,,,,,,,,,
,,,,,,,,,,,,,,,,,,,,,,,,,
,,,,,,,,,,,,,,,,,,,,,,,,,
,,,,,,,,,,,,,,,,,,,,,,,,,
,,,,,,,,,,,,,,,,,,,,,,,,,
,,,,,,,,,,,,,,,,,,,,,,,,,
,,,,,,,,,,,,,,,,,,,,,,,,,
,,,,,,,,,,,,,,,,,,,,,,,,,
,,,,,,,,,,,,,,,,,,,,,,,,,
,,,,,,,,,,,,,,,,,,,,,,,,,
,,,,,,,,,,,,,,,,,,,,,,,,,
,,,,,,,,,,,,,,,,,,,,,,,,,
,,,,,,,,,,,,,,,,,,,,,,,,,
,,,,,,,,,,,,,,,,,,,,,,,,,
,,,,,,,,,,,,,,,,,,,,,,,,,
,,,,,,,,,,,,,,,,,,,,,,,,,
,,,,,,,,,,,,,,,,,,,,,,,,,
,,,,,,,,,,,,,,,,,,,,,,,,,
,,,,,,,,,,,,,,,,,,,,,,,,,
,,,,,,,,,,,,,,,,,,,,,,,,,
,,,,,,,,,,,,,,,,,,,,,,,,,
,,,,,,,,,,,,,,,,,,,,,,,,,
,,,,,,,,,,,,,,,,,,,,,,,,,
,,,,,,,,,,,,,,,,,,,,,,,,,
,,,,,,,,,,,,,,,,,,,,,,,,,
,,,,,,,,,,,,,,,,,,,,,,,,,
,,,,,,,,,,,,,,,,,,,,,,,,,
,,,,,,,,,,,,,,,,,,,,,,,,,
,,,,,,,,,,,,,,,,,,,,,,,,,
,,,,,,,,,,,,,,,,,,,,,,,,,
,,,,,,,,,,,,,,,,,,,,,,,,,
,,,,,,,,,,,,,,,,,,,,,,,,,
,,,,,,,,,,,,,,,,,,,,,,,,,
,,,,,,,,,,,,,,,,,,,,,,,,,
,,,,,,,,,,,,,,,,,,,,,,,,,
,,,,,,,,,,,,,,,,,,,,,,,,,
,,,,,,,,,,,,,,,,,,,,,,,,,
,,,,,,,,,,,,,,,,,,,,,,,,,
,,,,,,,,,,,,,,,,,,,,,,,,,
,,,,,,,,,,,,,,,,,,,,,,,,,
,,,,,,,,,,,,,,,,,,,,,,,,,
,,,,,,,,,,,,,,,,,,,,,,,,,
,,,,,,,,,,,,,,,,,,,,,,,,,
,,,,,,,,,,,,,,,,,,,,,,,,,
,,,,,,,,,,,,,,,,,,,,,,,,,
,,,,,,,,,,,,,,,,,,,,,,,,,
,,,,,,,,,,,,,,,,,,,,,,,,,
,,,,,,,,,,,,,,,,,,,,,,,,,
,,,,,,,,,,,,,,,,,,,,,,,,,
,,,,,,,,,,,,,,,,,,,,,,,,,
,,,,,,,,,,,,,,,,,,,,,,,,,
,,,,,,,,,,,,,,,,,,,,,,,,,
,,,,,,,,,,,,,,,,,,,,,,,,,
,,,,,,,,,,,,,,,,,,,,,,,,,
,,,,,,,,,,,,,,,,,,,,,,,,,
,,,,,,,,,,,,,,,,,,,,,,,,,
,,,,,,,,,,,,,,,,,,,,,,,,,
,,,,,,,,,,,,,,,,,,,,,,,,,
,,,,,,,,,,,,,,,,,,,,,,,,,
,,,,,,,,,,,,,,,,,,,,,,,,,
,,,,,,,,,,,,,,,,,,,,,,,,,
,,,,,,,,,,,,,,,,,,,,,,,,,
,,,,,,,,,,,,,,,,,,,,,,,,,
,,,,,,,,,,,,,,,,,,,,,,,,,
,,,,,,,,,,,,,,,,,,,,,,,,,
,,,,,,,,,,,,,,,,,,,,,,,,,
,,,,,,,,,,,,,,,,,,,,,,,,,
,,,,,,,,,,,,,,,,,,,,,,,,,
,,,,,,,,,,,,,,,,,,,,,,,,,
,,,,,,,,,,,,,,,,,,,,,,,,,
,,,,,,,,,,,,,,,,,,,,,,,,,
,,,,,,,,,,,,,,,,,,,,,,,,,
,,,,,,,,,,,,,,,,,,,,,,,,,
,,,,,,,,,,,,,,,,,,,,,,,,,
,,,,,,,,,,,,,,,,,,,,,,,,,
,,,,,,,,,,,,,,,,,,,,,,,,,
,,,,,,,,,,,,,,,,,,,,,,,,,
,,,,,,,,,,,,,,,,,,,,,,,,,
,,,,,,,,,,,,,,,,,,,,,,,,,
,,,,,,,,,,,,,,,,,,,,,,,,,
,,,,,,,,,,,,,,,,,,,,,,,,,
,,,,,,,,,,,,,,,,,,,,,,,,,
,,,,,,,,,,,,,,,,,,,,,,,,,
,,,,,,,,,,,,,,,,,,,,,,,,,
,,,,,,,,,,,,,,,,,,,,,,,,,
,,,,,,,,,,,,,,,,,,,,,,,,,
,,,,,,,,,,,,,,,,,,,,,,,,,
,,,,,,,,,,,,,,,,,,,,,,,,,
,,,,,,,,,,,,,,,,,,,,,,,,,
,,,,,,,,,,,,,,,,,,,,,,,,,
,,,,,,,,,,,,,,,,,,,,,,,,,
,,,,,,,,,,,,,,,,,,,,,,,,,
,,,,,,,,,,,,,,,,,,,,,,,,,
,,,,,,,,,,,,,,,,,,,,,,,,,
,,,,,,,,,,,,,,,,,,,,,,,,,
,,,,,,,,,,,,,,,,,,,,,,,,,
,,,,,,,,,,,,,,,,,,,,,,,,,
,,,,,,,,,,,,,,,,,,,,,,,,,
,,,,,,,,,,,,,,,,,,,,,,,,,
,,,,,,,,,,,,,,,,,,,,,,,,,
,,,,,,,,,,,,,,,,,,,,,,,,,
,,,,,,,,,,,,,,,,,,,,,,,,,
,,,,,,,,,,,,,,,,,,,,,,,,,
,,,,,,,,,,,,,,,,,,,,,,,,,
,,,,,,,,,,,,,,,,,,,,,,,,,
,,,,,,,,,,,,,,,,,,,,,,,,,
,,,,,,,,,,,,,,,,,,,,,,,,,
,,,,,,,,,,,,,,,,,,,,,,,,,
,,,,,,,,,,,,,,,,,,,,,,,,,
,,,,,,,,,,,,,,,,,,,,,,,,,
,,,,,,,,,,,,,,,,,,,,,,,,,
,,,,,,,,,,,,,,,,,,,,,,,,,
,,,,,,,,,,,,,,,,,,,,,,,,,
,,,,,,,,,,,,,,,,,,,,,,,,,
,,,,,,,,,,,,,,,,,,,,,,,,,
,,,,,,,,,,,,,,,,,,,,,,,,,
,,,,,,,,,,,,,,,,,,,,,,,,,
,,,,,,,,,,,,,,,,,,,,,,,,,
,,,,,,,,,,,,,,,,,,,,,,,,,
,,,,,,,,,,,,,,,,,,,,,,,,,
,,,,,,,,,,,,,,,,,,,,,,,,,
,,,,,,,,,,,,,,,,,,,,,,,,,
,,,,,,,,,,,,,,,,,,,,,,,,,
,,,,,,,,,,,,,,,,,,,,,,,,,
,,,,,,,,,,,,,,,,,,,,,,,,,
,,,,,,,,,,,,,,,,,,,,,,,,,
,,,,,,,,,,,,,,,,,,,,,,,,,
,,,,,,,,,,,,,,,,,,,,,,,,,
,,,,,,,,,,,,,,,,,,,,,,,,,
,,,,,,,,,,,,,,,,,,,,,,,,,
,,,,,,,,,,,,,,,,,,,,,,,,,
,,,,,,,,,,,,,,,,,,,,,,,,,
,,,,,,,,,,,,,,,,,,,,,,,,,
,,,,,,,,,,,,,,,,,,,,,,,,,
,,,,,,,,,,,,,,,,,,,,,,,,,
,,,,,,,,,,,,,,,,,,,,,,,,,
,,,,,,,,,,,,,,,,,,,,,,,,,
,,,,,,,,,,,,,,,,,,,,,,,,,
,,,,,,,,,,,,,,,,,,,,,,,,,
,,,,,,,,,,,,,,,,,,,,,,,,,
,,,,,,,,,,,,,,,,,,,,,,,,,
,,,,,,,,,,,,,,,,,,,,,,,,,
,,,,,,,,,,,,,,,,,,,,,,,,,
,,,,,,,,,,,,,,,,,,,,,,,,,
,,,,,,,,,,,,,,,,,,,,,,,,,
,,,,,,,,,,,,,,,,,,,,,,,,,
,,,,,,,,,,,,,,,,,,,,,,,,,
,,,,,,,,,,,,,,,,,,,,,,,,,
,,,,,,,,,,,,,,,,,,,,,,,,,
,,,,,,,,,,,,,,,,,,,,,,,,,
,,,,,,,,,,,,,,,,,,,,,,,,,
,,,,,,,,,,,,,,,,,,,,,,,,,
,,,,,,,,,,,,,,,,,,,,,,,,,
,,,,,,,,,,,,,,,,,,,,,,,,,
,,,,,,,,,,,,,,,,,,,,,,,,,
,,,,,,,,,,,,,,,,,,,,,,,,,
,,,,,,,,,,,,,,,,,,,,,,,,,
,,,,,,,,,,,,,,,,,,,,,,,,,
,,,,,,,,,,,,,,,,,,,,,,,,,
,,,,,,,,,,,,,,,,,,,,,,,,,
,,,,,,,,,,,,,,,,,,,,,,,,,
,,,,,,,,,,,,,,,,,,,,,,,,,
,,,,,,,,,,,,,,,,,,,,,,,,,
,,,,,,,,,,,,,,,,,,,,,,,,,
,,,,,,,,,,,,,,,,,,,,,,,,,
,,,,,,,,,,,,,,,,,,,,,,,,,
,,,,,,,,,,,,,,,,,,,,,,,,,
,,,,,,,,,,,,,,,,,,,,,,,,,
,,,,,,,,,,,,,,,,,,,,,,,,,
,,,,,,,,,,,,,,,,,,,,,,,,,
,,,,,,,,,,,,,,,,,,,,,,,,,
,,,,,,,,,,,,,,,,,,,,,,,,,
,,,,,,,,,,,,,,,,,,,,,,,,,
,,,,,,,,,,,,,,,,,,,,,,,,,
,,,,,,,,,,,,,,,,,,,,,,,,,
,,,,,,,,,,,,,,,,,,,,,,,,,
,,,,,,,,,,,,,,,,,,,,,,,,,
,,,,,,,,,,,,,,,,,,,,,,,,,
,,,,,,,,,,,,,,,,,,,,,,,,,
,,,,,,,,,,,,,,,,,,,,,,,,,
,,,,,,,,,,,,,,,,,,,,,,,,,
,,,,,,,,,,,,,,,,,,,,,,,,,
,,,,,,,,,,,,,,,,,,,,,,,,,
,,,,,,,,,,,,,,,,,,,,,,,,,
,,,,,,,,,,,,,,,,,,,,,,,,,
,,,,,,,,,,,,,,,,,,,,,,,,,
,,,,,,,,,,,,,,,,,,,,,,,,,
,,,,,,,,,,,,,,,,,,,,,,,,,
,,,,,,,,,,,,,,,,,,,,,,,,,
,,,,,,,,,,,,,,,,,,,,,,,,,
,,,,,,,,,,,,,,,,,,,,,,,,,
,,,,,,,,,,,,,,,,,,,,,,,,,
,,,,,,,,,,,,,,,,,,,,,,,,,
,,,,,,,,,,,,,,,,,,,,,,,,,
,,,,,,,,,,,,,,,,,,,,,,,,,
,,,,,,,,,,,,,,,,,,,,,,,,,
,,,,,,,,,,,,,,,,,,,,,,,,,
,,,,,,,,,,,,,,,,,,,,,,,,,
,,,,,,,,,,,,,,,,,,,,,,,,,
,,,,,,,,,,,,,,,,,,,,,,,,,
,,,,,,,,,,,,,,,,,,,,,,,,,
,,,,,,,,,,,,,,,,,,,,,,,,,
,,,,,,,,,,,,,,,,,,,,,,,,,
,,,,,,,,,,,,,,,,,,,,,,,,,
,,,,,,,,,,,,,,,,,,,,,,,,,
,,,,,,,,,,,,,,,,,,,,,,,,,
,,,,,,,,,,,,,,,,,,,,,,,,,
,,,,,,,,,,,,,,,,,,,,,,,,,
,,,,,,,,,,,,,,,,,,,,,,,,,
,,,,,,,,,,,,,,,,,,,,,,,,,
,,,,,,,,,,,,,,,,,,,,,,,,,
,,,,,,,,,,,,,,,,,,,,,,,,,
,,,,,,,,,,,,,,,,,,,,,,,,,
,,,,,,,,,,,,,,,,,,,,,,,,,
,,,,,,,,,,,,,,,,,,,,,,,,,
,,,,,,,,,,,,,,,,,,,,,,,,,
,,,,,,,,,,,,,,,,,,,,,,,,,
,,,,,,,,,,,,,,,,,,,,,,,,,
,,,,,,,,,,,,,,,,,,,,,,,,,
,,,,,,,,,,,,,,,,,,,,,,,,,
,,,,,,,,,,,,,,,,,,,,,,,,,
,,,,,,,,,,,,,,,,,,,,,,,,,
,,,,,,,,,,,,,,,,,,,,,,,,,
,,,,,,,,,,,,,,,,,,,,,,,,,
,,,,,,,,,,,,,,,,,,,,,,,,,
,,,,,,,,,,,,,,,,,,,,,,,,,
,,,,,,,,,,,,,,,,,,,,,,,,,
,,,,,,,,,,,,,,,,,,,,,,,,,
,,,,,,,,,,,,,,,,,,,,,,,,,
,,,,,,,,,,,,,,,,,,,,,,,,,
,,,,,,,,,,,,,,,,,,,,,,,,,
,,,,,,,,,,,,,,,,,,,,,,,,,
,,,,,,,,,,,,,,,,,,,,,,,,,
,,,,,,,,,,,,,,,,,,,,,,,,,
,,,,,,,,,,,,,,,,,,,,,,,,,
,,,,,,,,,,,,,,,,,,,,,,,,,
,,,,,,,,,,,,,,,,,,,,,,,,,
,,,,,,,,,,,,,,,,,,,,,,,,,
,,,,,,,,,,,,,,,,,,,,,,,,,
,,,,,,,,,,,,,,,,,,,,,,,,,
,,,,,,,,,,,,,,,,,,,,,,,,,
,,,,,,,,,,,,,,,,,,,,,,,,,
,,,,,,,,,,,,,,,,,,,,,,,,,
,,,,,,,,,,,,,,,,,,,,,,,,,
,,,,,,,,,,,,,,,,,,,,,,,,,
,,,,,,,,,,,,,,,,,,,,,,,,,
,,,,,,,,,,,,,,,,,,,,,,,,,
,,,,,,,,,,,,,,,,,,,,,,,,,
,,,,,,,,,,,,,,,,,,,,,,,,,
,,,,,,,,,,,,,,,,,,,,,,,,,
,,,,,,,,,,,,,,,,,,,,,,,,,
,,,,,,,,,,,,,,,,,,,,,,,,,
,,,,,,,,,,,,,,,,,,,,,,,,,
,,,,,,,,,,,,,,,,,,,,,,,,,
,,,,,,,,,,,,,,,,,,,,,,,,,
,,,,,,,,,,,,,,,,,,,,,,,,,
,,,,,,,,,,,,,,,,,,,,,,,,,
,,,,,,,,,,,,,,,,,,,,,,,,,
,,,,,,,,,,,,,,,,,,,,,,,,,
,,,,,,,,,,,,,,,,,,,,,,,,,
,,,,,,,,,,,,,,,,,,,,,,,,,
,,,,,,,,,,,,,,,,,,,,,,,,,
,,,,,,,,,,,,,,,,,,,,,,,,,
,,,,,,,,,,,,,,,,,,,,,,,,,
,,,,,,,,,,,,,,,,,,,,,,,,,
,,,,,,,,,,,,,,,,,,,,,,,,,
,,,,,,,,,,,,,,,,,,,,,,,,,
,,,,,,,,,,,,,,,,,,,,,,,,,
,,,,,,,,,,,,,,,,,,,,,,,,,
,,,,,,,,,,,,,,,,,,,,,,,,,
,,,,,,,,,,,,,,,,,,,,,,,,,
,,,,,,,,,,,,,,,,,,,,,,,,,
,,,,,,,,,,,,,,,,,,,,,,,,,
,,,,,,,,,,,,,,,,,,,,,,,,,
,,,,,,,,,,,,,,,,,,,,,,,,,
,,,,,,,,,,,,,,,,,,,,,,,,,
,,,,,,,,,,,,,,,,,,,,,,,,,
,,,,,,,,,,,,,,,,,,,,,,,,,
,,,,,,,,,,,,,,,,,,,,,,,,,
,,,,,,,,,,,,,,,,,,,,,,,,,
,,,,,,,,,,,,,,,,,,,,,,,,,
,,,,,,,,,,,,,,,,,,,,,,,,,
,,,,,,,,,,,,,,,,,,,,,,,,,
,,,,,,,,,,,,,,,,,,,,,,,,,
,,,,,,,,,,,,,,,,,,,,,,,,,
,,,,,,,,,,,,,,,,,,,,,,,,,
,,,,,,,,,,,,,,,,,,,,,,,,,
,,,,,,,,,,,,,,,,,,,,,,,,,
,,,,,,,,,,,,,,,,,,,,,,,,,
,,,,,,,,,,,,,,,,,,,,,,,,,
,,,,,,,,,,,,,,,,,,,,,,,,,
,,,,,,,,,,,,,,,,,,,,,,,,,
,,,,,,,,,,,,,,,,,,,,,,,,,
,,,,,,,,,,,,,,,,,,,,,,,,,
,,,,,,,,,,,,,,,,,,,,,,,,,
,,,,,,,,,,,,,,,,,,,,,,,,,
,,,,,,,,,,,,,,,,,,,,,,,,,
,,,,,,,,,,,,,,,,,,,,,,,,,
,,,,,,,,,,,,,,,,,,,,,,,,,
,,,,,,,,,,,,,,,,,,,,,,,,,
,,,,,,,,,,,,,,,,,,,,,,,,,
,,,,,,,,,,,,,,,,,,,,,,,,,
,,,,,,,,,,,,,,,,,,,,,,,,,
,,,,,,,,,,,,,,,,,,,,,,,,,
,,,,,,,,,,,,,,,,,,,,,,,,,
,,,,,,,,,,,,,,,,,,,,,,,,,
,,,,,,,,,,,,,,,,,,,,,,,,,
,,,,,,,,,,,,,,,,,,,,,,,,,
,,,,,,,,,,,,,,,,,,,,,,,,,
,,,,,,,,,,,,,,,,,,,,,,,,,
,,,,,,,,,,,,,,,,,,,,,,,,,
,,,,,,,,,,,,,,,,,,,,,,,,,
,,,,,,,,,,,,,,,,,,,,,,,,,
,,,,,,,,,,,,,,,,,,,,,,,,,
,,,,,,,,,,,,,,,,,,,,,,,,,
,,,,,,,,,,,,,,,,,,,,,,,,,
,,,,,,,,,,,,,,,,,,,,,,,,,
,,,,,,,,,,,,,,,,,,,,,,,,,
,,,,,,,,,,,,,,,,,,,,,,,,,
,,,,,,,,,,,,,,,,,,,,,,,,,
,,,,,,,,,,,,,,,,,,,,,,,,,
,,,,,,,,,,,,,,,,,,,,,,,,,
,,,,,,,,,,,,,,,,,,,,,,,,,
,,,,,,,,,,,,,,,,,,,,,,,,,
,,,,,,,,,,,,,,,,,,,,,,,,,
,,,,,,,,,,,,,,,,,,,,,,,,,
,,,,,,,,,,,,,,,,,,,,,,,,,
,,,,,,,,,,,,,,,,,,,,,,,,,
,,,,,,,,,,,,,,,,,,,,,,,,,
,,,,,,,,,,,,,,,,,,,,,,,,,
,,,,,,,,,,,,,,,,,,,,,,,,,
,,,,,,,,,,,,,,,,,,,,,,,,,
,,,,,,,,,,,,,,,,,,,,,,,,,
,,,,,,,,,,,,,,,,,,,,,,,,,
,,,,,,,,,,,,,,,,,,,,,,,,,
,,,,,,,,,,,,,,,,,,,,,,,,,
,,,,,,,,,,,,,,,,,,,,,,,,,
,,,,,,,,,,,,,,,,,,,,,,,,,
,,,,,,,,,,,,,,,,,,,,,,,,,
,,,,,,,,,,,,,,,,,,,,,,,,,
,,,,,,,,,,,,,,,,,,,,,,,,,
,,,,,,,,,,,,,,,,,,,,,,,,,
,,,,,,,,,,,,,,,,,,,,,,,,,
,,,,,,,,,,,,,,,,,,,,,,,,,
,,,,,,,,,,,,,,,,,,,,,,,,,
,,,,,,,,,,,,,,,,,,,,,,,,,
,,,,,,,,,,,,,,,,,,,,,,,,,
,,,,,,,,,,,,,,,,,,,,,,,,,
,,,,,,,,,,,,,,,,,,,,,,,,,
,,,,,,,,,,,,,,,,,,,,,,,,,
,,,,,,,,,,,,,,,,,,,,,,,,,
,,,,,,,,,,,,,,,,,,,,,,,,,
,,,,,,,,,,,,,,,,,,,,,,,,,
,,,,,,,,,,,,,,,,,,,,,,,,,
,,,,,,,,,,,,,,,,,,,,,,,,,
,,,,,,,,,,,,,,,,,,,,,,,,,
,,,,,,,,,,,,,,,,,,,,,,,,,
,,,,,,,,,,,,,,,,,,,,,,,,,
,,,,,,,,,,,,,,,,,,,,,,,,,
,,,,,,,,,,,,,,,,,,,,,,,,,
,,,,,,,,,,,,,,,,,,,,,,,,,
,,,,,,,,,,,,,,,,,,,,,,,,,
,,,,,,,,,,,,,,,,,,,,,,,,,
,,,,,,,,,,,,,,,,,,,,,,,,,
,,,,,,,,,,,,,,,,,,,,,,,,,
,,,,,,,,,,,,,,,,,,,,,,,,,
,,,,,,,,,,,,,,,,,,,,,,,,,
,,,,,,,,,,,,,,,,,,,,,,,,,
,,,,,,,,,,,,,,,,,,,,,,,,,
,,,,,,,,,,,,,,,,,,,,,,,,,
,,,,,,,,,,,,,,,,,,,,,,,,,
,,,,,,,,,,,,,,,,,,,,,,,,,
,,,,,,,,,,,,,,,,,,,,,,,,,
,,,,,,,,,,,,,,,,,,,,,,,,,
,,,,,,,,,,,,,,,,,,,,,,,,,
,,,,,,,,,,,,,,,,,,,,,,,,,
,,,,,,,,,,,,,,,,,,,,,,,,,
,,,,,,,,,,,,,,,,,,,,,,,,,
,,,,,,,,,,,,,,,,,,,,,,,,,
,,,,,,,,,,,,,,,,,,,,,,,,,
,,,,,,,,,,,,,,,,,,,,,,,,,
,,,,,,,,,,,,,,,,,,,,,,,,,
,,,,,,,,,,,,,,,,,,,,,,,,,
,,,,,,,,,,,,,,,,,,,,,,,,,
,,,,,,,,,,,,,,,,,,,,,,,,,
,,,,,,,,,,,,,,,,,,,,,,,,,
,,,,,,,,,,,,,,,,,,,,,,,,,
,,,,,,,,,,,,,,,,,,,,,,,,,
,,,,,,,,,,,,,,,,,,,,,,,,,
,,,,,,,,,,,,,,,,,,,,,,,,,
,,,,,,,,,,,,,,,,,,,,,,,,,
,,,,,,,,,,,,,,,,,,,,,,,,,
,,,,,,,,,,,,,,,,,,,,,,,,,
,,,,,,,,,,,,,,,,,,,,,,,,,
,,,,,,,,,,,,,,,,,,,,,,,,,
,,,,,,,,,,,,,,,,,,,,,,,,,
,,,,,,,,,,,,,,,,,,,,,,,,,
,,,,,,,,,,,,,,,,,,,,,,,,,
,,,,,,,,,,,,,,,,,,,,,,,,,
,,,,,,,,,,,,,,,,,,,,,,,,,
,,,,,,,,,,,,,,,,,,,,,,,,,
,,,,,,,,,,,,,,,,,,,,,,,,,
,,,,,,,,,,,,,,,,,,,,,,,,,
,,,,,,,,,,,,,,,,,,,,,,,,,
,,,,,,,,,,,,,,,,,,,,,,,,,
,,,,,,,,,,,,,,,,,,,,,,,,,
,,,,,,,,,,,,,,,,,,,,,,,,,
,,,,,,,,,,,,,,,,,,,,,,,,,
,,,,,,,,,,,,,,,,,,,,,,,,,
,,,,,,,,,,,,,,,,,,,,,,,,,
,,,,,,,,,,,,,,,,,,,,,,,,,
,,,,,,,,,,,,,,,,,,,,,,,,,
,,,,,,,,,,,,,,,,,,,,,,,,,
,,,,,,,,,,,,,,,,,,,,,,,,,
,,,,,,,,,,,,,,,,,,,,,,,,,
,,,,,,,,,,,,,,,,,,,,,,,,,
,,,,,,,,,,,,,,,,,,,,,,,,,
,,,,,,,,,,,,,,,,,,,,,,,,,
,,,,,,,,,,,,,,,,,,,,,,,,,
,,,,,,,,,,,,,,,,,,,,,,,,,
,,,,,,,,,,,,,,,,,,,,,,,,,
,,,,,,,,,,,,,,,,,,,,,,,,,
,,,,,,,,,,,,,,,,,,,,,,,,,
,,,,,,,,,,,,,,,,,,,,,,,,,
,,,,,,,,,,,,,,,,,,,,,,,,,
,,,,,,,,,,,,,,,,,,,,,,,,,
,,,,,,,,,,,,,,,,,,,,,,,,,
,,,,,,,,,,,,,,,,,,,,,,,,,
,,,,,,,,,,,,,,,,,,,,,,,,,
,,,,,,,,,,,,,,,,,,,,,,,,,
,,,,,,,,,,,,,,,,,,,,,,,,,
,,,,,,,,,,,,,,,,,,,,,,,,,
,,,,,,,,,,,,,,,,,,,,,,,,,
,,,,,,,,,,,,,,,,,,,,,,,,,
,,,,,,,,,,,,,,,,,,,,,,,,,
,,,,,,,,,,,,,,,,,,,,,,,,,
,,,,,,,,,,,,,,,,,,,,,,,,,
,,,,,,,,,,,,,,,,,,,,,,,,,
,,,,,,,,,,,,,,,,,,,,,,,,,
,,,,,,,,,,,,,,,,,,,,,,,,,
,,,,,,,,,,,,,,,,,,,,,,,,,
,,,,,,,,,,,,,,,,,,,,,,,,,
,,,,,,,,,,,,,,,,,,,,,,,,,
,,,,,,,,,,,,,,,,,,,,,,,,,
,,,,,,,,,,,,,,,,,,,,,,,,,
,,,,,,,,,,,,,,,,,,,,,,,,,
,,,,,,,,,,,,,,,,,,,,,,,,,
,,,,,,,,,,,,,,,,,,,,,,,,,
,,,,,,,,,,,,,,,,,,,,,,,,,
,,,,,,,,,,,,,,,,,,,,,,,,,
,,,,,,,,,,,,,,,,,,,,,,,,,
,,,,,,,,,,,,,,,,,,,,,,,,,
,,,,,,,,,,,,,,,,,,,,,,,,,
,,,,,,,,,,,,,,,,,,,,,,,,,
,,,,,,,,,,,,,,,,,,,,,,,,,
,,,,,,,,,,,,,,,,,,,,,,,,,
,,,,,,,,,,,,,,,,,,,,,,,,,
,,,,,,,,,,,,,,,,,,,,,,,,,
,,,,,,,,,,,,,,,,,,,,,,,,,
,,,,,,,,,,,,,,,,,,,,,,,,,
,,,,,,,,,,,,,,,,,,,,,,,,,
,,,,,,,,,,,,,,,,,,,,,,,,,
,,,,,,,,,,,,,,,,,,,,,,,,,
,,,,,,,,,,,,,,,,,,,,,,,,,
,,,,,,,,,,,,,,,,,,,,,,,,,
,,,,,,,,,,,,,,,,,,,,,,,,,
,,,,,,,,,,,,,,,,,,,,,,,,,
,,,,,,,,,,,,,,,,,,,,,,,,,
,,,,,,,,,,,,,,,,,,,,,,,,,
,,,,,,,,,,,,,,,,,,,,,,,,,
,,,,,,,,,,,,,,,,,,,,,,,,,
,,,,,,,,,,,,,,,,,,,,,,,,,
,,,,,,,,,,,,,,,,,,,,,,,,,
,,,,,,,,,,,,,,,,,,,,,,,,,
,,,,,,,,,,,,,,,,,,,,,,,,,
,,,,,,,,,,,,,,,,,,,,,,,,,
,,,,,,,,,,,,,,,,,,,,,,,,,
,,,,,,,,,,,,,,,,,,,,,,,,,
,,,,,,,,,,,,,,,,,,,,,,,,,
,,,,,,,,,,,,,,,,,,,,,,,,,
,,,,,,,,,,,,,,,,,,,,,,,,,
,,,,,,,,,,,,,,,,,,,,,,,,,
,,,,,,,,,,,,,,,,,,,,,,,,,
,,,,,,,,,,,,,,,,,,,,,,,,,
,,,,,,,,,,,,,,,,,,,,,,,,,
,,,,,,,,,,,,,,,,,,,,,,,,,
,,,,,,,,,,,,,,,,,,,,,,,,,
,,,,,,,,,,,,,,,,,,,,,,,,,
,,,,,,,,,,,,,,,,,,,,,,,,,
,,,,,,,,,,,,,,,,,,,,,,,,,
,,,,,,,,,,,,,,,,,,,,,,,,,
,,,,,,,,,,,,,,,,,,,,,,,,,
,,,,,,,,,,,,,,,,,,,,,,,,,
,,,,,,,,,,,,,,,,,,,,,,,,,
,,,,,,,,,,,,,,,,,,,,,,,,,
,,,,,,,,,,,,,,,,,,,,,,,,,
,,,,,,,,,,,,,,,,,,,,,,,,,
,,,,,,,,,,,,,,,,,,,,,,,,,
,,,,,,,,,,,,,,,,,,,,,,,,,
,,,,,,,,,,,,,,,,,,,,,,,,,
,,,,,,,,,,,,,,,,,,,,,,,,,
,,,,,,,,,,,,,,,,,,,,,,,,,
,,,,,,,,,,,,,,,,,,,,,,,,,
,,,,,,,,,,,,,,,,,,,,,,,,,
,,,,,,,,,,,,,,,,,,,,,,,,,
,,,,,,,,,,,,,,,,,,,,,,,,,
,,,,,,,,,,,,,,,,,,,,,,,,,
,,,,,,,,,,,,,,,,,,,,,,,,,
,,,,,,,,,,,,,,,,,,,,,,,,,
,,,,,,,,,,,,,,,,,,,,,,,,,
,,,,,,,,,,,,,,,,,,,,,,,,,
,,,,,,,,,,,,,,,,,,,,,,,,,
,,,,,,,,,,,,,,,,,,,,,,,,,
,,,,,,,,,,,,,,,,,,,,,,,,,
,,,,,,,,,,,,,,,,,,,,,,,,,
,,,,,,,,,,,,,,,,,,,,,,,,,
,,,,,,,,,,,,,,,,,,,,,,,,,
,,,,,,,,,,,,,,,,,,,,,,,,,
,,,,,,,,,,,,,,,,,,,,,,,,,
,,,,,,,,,,,,,,,,,,,,,,,,,
,,,,,,,,,,,,,,,,,,,,,,,,,
,,,,,,,,,,,,,,,,,,,,,,,,,
,,,,,,,,,,,,,,,,,,,,,,,,,
,,,,,,,,,,,,,,,,,,,,,,,,,
,,,,,,,,,,,,,,,,,,,,,,,,,
,,,,,,,,,,,,,,,,,,,,,,,,,
,,,,,,,,,,,,,,,,,,,,,,,,,
,,,,,,,,,,,,,,,,,,,,,,,,,
,,,,,,,,,,,,,,,,,,,,,,,,,
,,,,,,,,,,,,,,,,,,,,,,,,,
,,,,,,,,,,,,,,,,,,,,,,,,,
,,,,,,,,,,,,,,,,,,,,,,,,,
,,,,,,,,,,,,,,,,,,,,,,,,,
,,,,,,,,,,,,,,,,,,,,,,,,,
,,,,,,,,,,,,,,,,,,,,,,,,,
,,,,,,,,,,,,,,,,,,,,,,,,,
,,,,,,,,,,,,,,,,,,,,,,,,,
,,,,,,,,,,,,,,,,,,,,,,,,,
,,,,,,,,,,,,,,,,,,,,,,,,,
,,,,,,,,,,,,,,,,,,,,,,,,,
,,,,,,,,,,,,,,,,,,,,,,,,,
,,,,,,,,,,,,,,,,,,,,,,,,,
,,,,,,,,,,,,,,,,,,,,,,,,,
,,,,,,,,,,,,,,,,,,,,,,,,,
,,,,,,,,,,,,,,,,,,,,,,,,,
,,,,,,,,,,,,,,,,,,,,,,,,,
,,,,,,,,,,,,,,,,,,,,,,,,,
,,,,,,,,,,,,,,,,,,,,,,,,,
,,,,,,,,,,,,,,,,,,,,,,,,,
,,,,,,,,,,,,,,,,,,,,,,,,,
,,,,,,,,,,,,,,,,,,,,,,,,,
,,,,,,,,,,,,,,,,,,,,,,,,,
,,,,,,,,,,,,,,,,,,,,,,,,,
,,,,,,,,,,,,,,,,,,,,,,,,,
,,,,,,,,,,,,,,,,,,,,,,,,,
,,,,,,,,,,,,,,,,,,,,,,,,,
,,,,,,,,,,,,,,,,,,,,,,,,,
,,,,,,,,,,,,,,,,,,,,,,,,,
,,,,,,,,,,,,,,,,,,,,,,,,,
,,,,,,,,,,,,,,,,,,,,,,,,,
,,,,,,,,,,,,,,,,,,,,,,,,,
,,,,,,,,,,,,,,,,,,,,,,,,,
,,,,,,,,,,,,,,,,,,,,,,,,,
,,,,,,,,,,,,,,,,,,,,,,,,,
,,,,,,,,,,,,,,,,,,,,,,,,,
,,,,,,,,,,,,,,,,,,,,,,,,,
,,,,,,,,,,,,,,,,,,,,,,,,,
,,,,,,,,,,,,,,,,,,,,,,,,,
,,,,,,,,,,,,,,,,,,,,,,,,,
,,,,,,,,,,,,,,,,,,,,,,,,,
,,,,,,,,,,,,,,,,,,,,,,,,,
,,,,,,,,,,,,,,,,,,,,,,,,,
,,,,,,,,,,,,,,,,,,,,,,,,,
,,,,,,,,,,,,,,,,,,,,,,,,,
,,,,,,,,,,,,,,,,,,,,,,,,,
,,,,,,,,,,,,,,,,,,,,,,,,,
,,,,,,,,,,,,,,,,,,,,,,,,,
,,,,,,,,,,,,,,,,,,,,,,,,,
,,,,,,,,,,,,,,,,,,,,,,,,,
,,,,,,,,,,,,,,,,,,,,,,,,,
,,,,,,,,,,,,,,,,,,,,,,,,,
,,,,,,,,,,,,,,,,,,,,,,,,,
,,,,,,,,,,,,,,,,,,,,,,,,,
,,,,,,,,,,,,,,,,,,,,,,,,,
,,,,,,,,,,,,,,,,,,,,,,,,,
,,,,,,,,,,,,,,,,,,,,,,,,,
,,,,,,,,,,,,,,,,,,,,,,,,,
,,,,,,,,,,,,,,,,,,,,,,,,,
,,,,,,,,,,,,,,,,,,,,,,,,,
,,,,,,,,,,,,,,,,,,,,,,,,,
,,,,,,,,,,,,,,,,,,,,,,,,,
,,,,,,,,,,,,,,,,,,,,,,,,,
,,,,,,,,,,,,,,,,,,,,,,,,,
,,,,,,,,,,,,,,,,,,,,,,,,,
,,,,,,,,,,,,,,,,,,,,,,,,,
,,,,,,,,,,,,,,,,,,,,,,,,,
,,,,,,,,,,,,,,,,,,,,,,,,,
,,,,,,,,,,,,,,,,,,,,,,,,,
,,,,,,,,,,,,,,,,,,,,,,,,,
,,,,,,,,,,,,,,,,,,,,,,,,,
,,,,,,,,,,,,,,,,,,,,,,,,,
,,,,,,,,,,,,,,,,,,,,,,,,,
,,,,,,,,,,,,,,,,,,,,,,,,,
,,,,,,,,,,,,,,,,,,,,,,,,,
,,,,,,,,,,,,,,,,,,,,,,,,,
,,,,,,,,,,,,,,,,,,,,,,,,,
,,,,,,,,,,,,,,,,,,,,,,,,,
,,,,,,,,,,,,,,,,,,,,,,,,,
,,,,,,,,,,,,,,,,,,,,,,,,,
,,,,,,,,,,,,,,,,,,,,,,,,,
,,,,,,,,,,,,,,,,,,,,,,,,,
,,,,,,,,,,,,,,,,,,,,,,,,,
,,,,,,,,,,,,,,,,,,,,,,,,,
,,,,,,,,,,,,,,,,,,,,,,,,,
,,,,,,,,,,,,,,,,,,,,,,,,,
,,,,,,,,,,,,,,,,,,,,,,,,,
,,,,,,,,,,,,,,,,,,,,,,,,,
,,,,,,,,,,,,,,,,,,,,,,,,,
,,,,,,,,,,,,,,,,,,,,,,,,,
,,,,,,,,,,,,,,,,,,,,,,,,,
,,,,,,,,,,,,,,,,,,,,,,,,,
,,,,,,,,,,,,,,,,,,,,,,,,,
,,,,,,,,,,,,,,,,,,,,,,,,,
,,,,,,,,,,,,,,,,,,,,,,,,,
,,,,,,,,,,,,,,,,,,,,,,,,,
,,,,,,,,,,,,,,,,,,,,,,,,,
,,,,,,,,,,,,,,,,,,,,,,,,,
,,,,,,,,,,,,,,,,,,,,,,,,,
,,,,,,,,,,,,,,,,,,,,,,,,,
,,,,,,,,,,,,,,,,,,,,,,,,,
,,,,,,,,,,,,,,,,,,,,,,,,,
,,,,,,,,,,,,,,,,,,,,,,,,,
,,,,,,,,,,,,,,,,,,,,,,,,,
,,,,,,,,,,,,,,,,,,,,,,,,,
,,,,,,,,,,,,,,,,,,,,,,,,,
,,,,,,,,,,,,,,,,,,,,,,,,,
,,,,,,,,,,,,,,,,,,,,,,,,,
,,,,,,,,,,,,,,,,,,,,,,,,,
,,,,,,,,,,,,,,,,,,,,,,,,,
,,,,,,,,,,,,,,,,,,,,,,,,,
,,,,,,,,,,,,,,,,,,,,,,,,,
,,,,,,,,,,,,,,,,,,,,,,,,,
,,,,,,,,,,,,,,,,,,,,,,,,,
,,,,,,,,,,,,,,,,,,,,,,,,,
,,,,,,,,,,,,,,,,,,,,,,,,,
,,,,,,,,,,,,,,,,,,,,,,,,,
,,,,,,,,,,,,,,,,,,,,,,,,,
,,,,,,,,,,,,,,,,,,,,,,,,,
,,,,,,,,,,,,,,,,,,,,,,,,,
,,,,,,,,,,,,,,,,,,,,,,,,,
,,,,,,,,,,,,,,,,,,,,,,,,,
,,,,,,,,,,,,,,,,,,,,,,,,,
,,,,,,,,,,,,,,,,,,,,,,,,,
,,,,,,,,,,,,,,,,,,,,,,,,,
,,,,,,,,,,,,,,,,,,,,,,,,,
,,,,,,,,,,,,,,,,,,,,,,,,,
,,,,,,,,,,,,,,,,,,,,,,,,,
,,,,,,,,,,,,,,,,,,,,,,,,,
,,,,,,,,,,,,,,,,,,,,,,,,,
,,,,,,,,,,,,,,,,,,,,,,,,,
,,,,,,,,,,,,,,,,,,,,,,,,,
,,,,,,,,,,,,,,,,,,,,,,,,,
,,,,,,,,,,,,,,,,,,,,,,,,,
,,,,,,,,,,,,,,,,,,,,,,,,,
,,,,,,,,,,,,,,,,,,,,,,,,,
,,,,,,,,,,,,,,,,,,,,,,,,,
,,,,,,,,,,,,,,,,,,,,,,,,,
,,,,,,,,,,,,,,,,,,,,,,,,,
,,,,,,,,,,,,,,,,,,,,,,,,,
,,,,,,,,,,,,,,,,,,,,,,,,,
,,,,,,,,,,,,,,,,,,,,,,,,,
,,,,,,,,,,,,,,,,,,,,,,,,,
,,,,,,,,,,,,,,,,,,,,,,,,,
,,,,,,,,,,,,,,,,,,,,,,,,,
,,,,,,,,,,,,,,,,,,,,,,,,,
,,,,,,,,,,,,,,,,,,,,,,,,,
,,,,,,,,,,,,,,,,,,,,,,,,,
,,,,,,,,,,,,,,,,,,,,,,,,,
,,,,,,,,,,,,,,,,,,,,,,,,,
,,,,,,,,,,,,,,,,,,,,,,,,,
,,,,,,,,,,,,,,,,,,,,,,,,,
,,,,,,,,,,,,,,,,,,,,,,,,,
,,,,,,,,,,,,,,,,,,,,,,,,,
,,,,,,,,,,,,,,,,,,,,,,,,,
,,,,,,,,,,,,,,,,,,,,,,,,,
,,,,,,,,,,,,,,,,,,,,,,,,,
,,,,,,,,,,,,,,,,,,,,,,,,,
,,,,,,,,,,,,,,,,,,,,,,,,,
,,,,,,,,,,,,,,,,,,,,,,,,,
,,,,,,,,,,,,,,,,,,,,,,,,,
,,,,,,,,,,,,,,,,,,,,,,,,,
,,,,,,,,,,,,,,,,,,,,,,,,,
,,,,,,,,,,,,,,,,,,,,,,,,,
,,,,,,,,,,,,,,,,,,,,,,,,,
,,,,,,,,,,,,,,,,,,,,,,,,,
,,,,,,,,,,,,,,,,,,,,,,,,,
,,,,,,,,,,,,,,,,,,,,,,,,,
,,,,,,,,,,,,,,,,,,,,,,,,,
,,,,,,,,,,,,,,,,,,,,,,,,,
,,,,,,,,,,,,,,,,,,,,,,,,,
,,,,,,,,,,,,,,,,,,,,,,,,,
,,,,,,,,,,,,,,,,,,,,,,,,,
,,,,,,,,,,,,,,,,,,,,,,,,,
,,,,,,,,,,,,,,,,,,,,,,,,,
,,,,,,,,,,,,,,,,,,,,,,,,,
,,,,,,,,,,,,,,,,,,,,,,,,,
,,,,,,,,,,,,,,,,,,,,,,,,,
,,,,,,,,,,,,,,,,,,,,,,,,,
,,,,,,,,,,,,,,,,,,,,,,,,,
,,,,,,,,,,,,,,,,,,,,,,,,,
,,,,,,,,,,,,,,,,,,,,,,,,,
,,,,,,,,,,,,,,,,,,,,,,,,,
,,,,,,,,,,,,,,,,,,,,,,,,,
,,,,,,,,,,,,,,,,,,,,,,,,,
,,,,,,,,,,,,,,,,,,,,,,,,,
,,,,,,,,,,,,,,,,,,,,,,,,,
,,,,,,,,,,,,,,,,,,,,,,,,,
,,,,,,,,,,,,,,,,,,,,,,,,,
,,,,,,,,,,,,,,,,,,,,,,,,,
,,,,,,,,,,,,,,,,,,,,,,,,,
,,,,,,,,,,,,,,,,,,,,,,,,,
,,,,,,,,,,,,,,,,,,,,,,,,,
,,,,,,,,,,,,,,,,,,,,,,,,,
,,,,,,,,,,,,,,,,,,,,,,,,,
,,,,,,,,,,,,,,,,,,,,,,,,,
,,,,,,,,,,,,,,,,,,,,,,,,,
,,,,,,,,,,,,,,,,,,,,,,,,,
,,,,,,,,,,,,,,,,,,,,,,,,,
,,,,,,,,,,,,,,,,,,,,,,,,,
,,,,,,,,,,,,,,,,,,,,,,,,,
,,,,,,,,,,,,,,,,,,,,,,,,,
,,,,,,,,,,,,,,,,,,,,,,,,,
,,,,,,,,,,,,,,,,,,,,,,,,,
,,,,,,,,,,,,,,,,,,,,,,,,,
,,,,,,,,,,,,,,,,,,,,,,,,,
,,,,,,,,,,,,,,,,,,,,,,,,,
,,,,,,,,,,,,,,,,,,,,,,,,,
,,,,,,,,,,,,,,,,,,,,,,,,,
,,,,,,,,,,,,,,,,,,,,,,,,,
,,,,,,,,,,,,,,,,,,,,,,,,,
,,,,,,,,,,,,,,,,,,,,,,,,,
,,,,,,,,,,,,,,,,,,,,,,,,,
,,,,,,,,,,,,,,,,,,,,,,,,,
,,,,,,,,,,,,,,,,,,,,,,,,,
,,,,,,,,,,,,,,,,,,,,,,,,,
,,,,,,,,,,,,,,,,,,,,,,,,,
,,,,,,,,,,,,,,,,,,,,,,,,,
,,,,,,,,,,,,,,,,,,,,,,,,,
,,,,,,,,,,,,,,,,,,,,,,,,,
,,,,,,,,,,,,,,,,,,,,,,,,,
,,,,,,,,,,,,,,,,,,,,,,,,,
,,,,,,,,,,,,,,,,,,,,,,,,,
,,,,,,,,,,,,,,,,,,,,,,,,,
,,,,,,,,,,,,,,,,,,,,,,,,,
,,,,,,,,,,,,,,,,,,,,,,,,,
,,,,,,,,,,,,,,,,,,,,,,,,,
,,,,,,,,,,,,,,,,,,,,,,,,,
,,,,,,,,,,,,,,,,,,,,,,,,,
,,,,,,,,,,,,,,,,,,,,,,,,,
,,,,,,,,,,,,,,,,,,,,,,,,,
,,,,,,,,,,,,,,,,,,,,,,,,,
,,,,,,,,,,,,,,,,,,,,,,,,,
,,,,,,,,,,,,,,,,,,,,,,,,,
,,,,,,,,,,,,,,,,,,,,,,,,,
,,,,,,,,,,,,,,,,,,,,,,,,,
,,,,,,,,,,,,,,,,,,,,,,,,,
,,,,,,,,,,,,,,,,,,,,,,,,,
,,,,,,,,,,,,,,,,,,,,,,,,,
,,,,,,,,,,,,,,,,,,,,,,,,,
,,,,,,,,,,,,,,,,,,,,,,,,,
,,,,,,,,,,,,,,,,,,,,,,,,,
,,,,,,,,,,,,,,,,,,,,,,,,,
,,,,,,,,,,,,,,,,,,,,,,,,,
,,,,,,,,,,,,,,,,,,,,,,,,,
,,,,,,,,,,,,,,,,,,,,,,,,,
,,,,,,,,,,,,,,,,,,,,,,,,,
,,,,,,,,,,,,,,,,,,,,,,,,,
,,,,,,,,,,,,,,,,,,,,,,,,,
,,,,,,,,,,,,,,,,,,,,,,,,,
,,,,,,,,,,,,,,,,,,,,,,,,,
,,,,,,,,,,,,,,,,,,,,,,,,,
,,,,,,,,,,,,,,,,,,,,,,,,,
,,,,,,,,,,,,,,,,,,,,,,,,,
,,,,,,,,,,,,,,,,,,,,,,,,,
,,,,,,,,,,,,,,,,,,,,,,,,,
,,,,,,,,,,,,,,,,,,,,,,,,,
,,,,,,,,,,,,,,,,,,,,,,,,,
,,,,,,,,,,,,,,,,,,,,,,,,,
,,,,,,,,,,,,,,,,,,,,,,,,,
,,,,,,,,,,,,,,,,,,,,,,,,,
,,,,,,,,,,,,,,,,,,,,,,,,,
,,,,,,,,,,,,,,,,,,,,,,,,,
,,,,,,,,,,,,,,,,,,,,,,,,,
,,,,,,,,,,,,,,,,,,,,,,,,,
,,,,,,,,,,,,,,,,,,,,,,,,,
,,,,,,,,,,,,,,,,,,,,,,,,,
,,,,,,,,,,,,,,,,,,,,,,,,,
,,,,,,,,,,,,,,,,,,,,,,,,,
,,,,,,,,,,,,,,,,,,,,,,,,,
,,,,,,,,,,,,,,,,,,,,,,,,,
,,,,,,,,,,,,,,,,,,,,,,,,,
,,,,,,,,,,,,,,,,,,,,,,,,,
,,,,,,,,,,,,,,,,,,,,,,,,,
,,,,,,,,,,,,,,,,,,,,,,,,,
,,,,,,,,,,,,,,,,,,,,,,,,,
,,,,,,,,,,,,,,,,,,,,,,,,,
,,,,,,,,,,,,,,,,,,,,,,,,,
,,,,,,,,,,,,,,,,,,,,,,,,,
,,,,,,,,,,,,,,,,,,,,,,,,,
,,,,,,,,,,,,,,,,,,,,,,,,,
,,,,,,,,,,,,,,,,,,,,,,,,,
,,,,,,,,,,,,,,,,,,,,,,,,,
,,,,,,,,,,,,,,,,,,,,,,,,,
,,,,,,,,,,,,,,,,,,,,,,,,,
,,,,,,,,,,,,,,,,,,,,,,,,,
,,,,,,,,,,,,,,,,,,,,,,,,,
,,,,,,,,,,,,,,,,,,,,,,,,,
,,,,,,,,,,,,,,,,,,,,,,,,,
,,,,,,,,,,,,,,,,,,,,,,,,,
,,,,,,,,,,,,,,,,,,,,,,,,,
,,,,,,,,,,,,,,,,,,,,,,,,,
,,,,,,,,,,,,,,,,,,,,,,,,,
,,,,,,,,,,,,,,,,,,,,,,,,,
,,,,,,,,,,,,,,,,,,,,,,,,,
,,,,,,,,,,,,,,,,,,,,,,,,,
,,,,,,,,,,,,,,,,,,,,,,,,,
,,,,,,,,,,,,,,,,,,,,,,,,,
,,,,,,,,,,,,,,,,,,,,,,,,,
,,,,,,,,,,,,,,,,,,,,,,,,,
,,,,,,,,,,,,,,,,,,,,,,,,,
,,,,,,,,,,,,,,,,,,,,,,,,,
,,,,,,,,,,,,,,,,,,,,,,,,,
,,,,,,,,,,,,,,,,,,,,,,,,,
,,,,,,,,,,,,,,,,,,,,,,,,,
,,,,,,,,,,,,,,,,,,,,,,,,,
