0,1,2,3,4,5,6,7,8,9,10,11,12,13,14,15,16,17,18,19,20,21,22,23,24,target
433332427,75.32,10,1,1.51245898,433332427,75.63,10,1,1.51245898,433332427,78.37,10,1,1.51245898,433332427,79,10,1,1.51245898,433332427,79.03,10,1,1.51245898,80.67108347
433332427,75.63,10,1,1.51245898,433332427,78.37,10,1,1.51245898,433332427,79,10,1,1.51245898,433332427,79.03,10,1,1.51245898,433332427,79.5,10,1,1.51245898,79.80472942
433332427,78.37,10,1,1.51245898,433332427,79,10,1,1.51245898,433332427,79.03,10,1,1.51245898,433332427,79.5,10,1,1.51245898,433332427,79.52,10,1,1.51245898,79.33564356
433332427,79,10,1,1.51245898,433332427,79.03,10,1,1.51245898,433332427,79.5,10,1,1.51245898,433332427,79.52,10,1,1.51245898,433332427,78.8,10,1,1.51245898,78.68409502
433332427,79.03,10,1,1.51245898,433332427,79.5,10,1,1.51245898,433332427,79.52,10,1,1.51245898,433332427,78.8,10,1,1.51245898,433332427,77.51,10,1,1.51245898,75.80129409
433332427,79.5,10,1,1.51245898,433332427,79.52,10,1,1.51245898,433332427,78.8,10,1,1.51245898,433332427,77.51,10,1,1.51245898,433332427,72.16,10,1,1.51245898,77.80076938
433332427,79.52,10,1,1.51245898,433332427,78.8,10,1,1.51245898,433332427,77.51,10,1,1.51245898,433332427,72.16,10,1,1.51245898,433332427,75.39,10,1,1.51245898,77.02430528
433332427,78.8,10,1,1.51245898,433332427,77.51,10,1,1.51245898,433332427,72.16,10,1,1.51245898,433332427,75.39,10,1,1.51245898,433332427,76.95,10,1,1.51245898,77.47746709
433332427,77.51,10,1,1.51245898,433332427,72.16,10,1,1.51245898,433332427,75.39,10,1,1.51245898,433332427,76.95,10,1,1.51245898,433332427,77.61,10,1,1.51245898,77.09960411
433332427,72.16,10,1,1.51245898,433332427,75.39,10,1,1.51245898,433332427,76.95,10,1,1.51245898,433332427,77.61,10,1,1.51245898,433332427,76.94,10,1,1.51245898,79.63476683
433332427,75.39,10,1,1.51245898,433332427,76.95,10,1,1.51245898,433332427,77.61,10,1,1.51245898,433332427,76.94,10,1,1.51245898,433332427,78.09,10,1,1.51245898,79.96593059
433332427,76.95,10,1,1.51245898,433332427,77.61,10,1,1.51245898,433332427,76.94,10,1,1.51245898,433332427,78.09,10,1,1.51245898,433332427,79.71,10,1,1.51245898,80.65853497
433332427,77.61,10,1,1.51245898,433332427,76.94,10,1,1.51245898,433332427,78.09,10,1,1.51245898,433332427,79.71,10,1,1.51245898,433332427,83,10,1,1.51245898,79.75040827
433332427,76.94,10,1,1.51245898,433332427,78.09,10,1,1.51245898,433332427,79.71,10,1,1.51245898,433332427,83,10,1,1.51245898,433332427,83.38,10,1,1.51245898,79.83639378
433332427,78.09,10,1,1.51245898,433332427,79.71,10,1,1.51245898,433332427,83,10,1,1.51245898,433332427,83.38,10,1,1.51245898,433332427,83.03,10,1,1.51245898,80.32007713
433332427,79.71,10,1,1.51245898,433332427,83,10,1,1.51245898,433332427,83.38,10,1,1.51245898,433332427,83.03,10,1,1.51245898,433332427,82.7,10,1,1.51245898,79.95457892
433332427,83,10,1,1.51245898,433332427,83.38,10,1,1.51245898,433332427,83.03,10,1,1.51245898,433332427,82.7,10,1,1.51245898,433332427,83.65,10,1,1.51245898,80.28695432
433332427,83.38,10,1,1.51245898,433332427,83.03,10,1,1.51245898,433332427,82.7,10,1,1.51245898,433332427,83.65,10,1,1.51245898,433332427,83.5,10,1,1.51245898,80.68086334
433332427,83.03,10,1,1.51245898,433332427,82.7,10,1,1.51245898,433332427,83.65,10,1,1.51245898,433332427,83.5,10,1,1.51245898,433332427,83.64,10,1,1.51245898,80.98152394
433332427,82.7,10,1,1.51245898,433332427,83.65,10,1,1.51245898,433332427,83.5,10,1,1.51245898,433332427,83.64,10,1,1.51245898,433332427,85.19,10,1,1.51245898,81.77264625
433332427,83.65,10,1,1.51245898,433332427,83.5,10,1,1.51245898,433332427,83.64,10,1,1.51245898,433332427,85.19,10,1,1.51245898,433332427,86.83,10,1,1.51245898,81.89794912
433332427,83.5,10,1,1.51245898,433332427,83.64,10,1,1.51245898,433332427,85.19,10,1,1.51245898,433332427,86.83,10,1,1.51245898,433332427,87.1,10,1,1.51245898,82.96128761
433332427,83.64,10,1,1.51245898,433332427,85.19,10,1,1.51245898,433332427,86.83,10,1,1.51245898,433332427,87.1,10,1,1.51245898,433332427,87.31,10,1,1.51245898,83.65991196
433332427,85.19,10,1,1.51245898,433332427,86.83,10,1,1.51245898,433332427,87.1,10,1,1.51245898,433332427,87.31,10,1,1.51245898,433332427,88.45,10,1,1.51245898,82.34674949
433332427,86.83,10,1,1.51245898,433332427,87.1,10,1,1.51245898,433332427,87.31,10,1,1.51245898,433332427,88.45,10,1,1.51245898,433332427,87.11,10,1,1.51245898,81.88974064
433332427,87.1,10,1,1.51245898,433332427,87.31,10,1,1.51245898,433332427,88.45,10,1,1.51245898,433332427,87.11,10,1,1.51245898,433332427,87.12,10,1,1.51245898,82.42331847
433332427,87.31,10,1,1.51245898,433332427,88.45,10,1,1.51245898,433332427,87.11,10,1,1.51245898,433332427,87.12,10,1,1.51245898,433332427,86.55,10,1,1.51245898,81.66053234
433332427,88.45,10,1,1.51245898,433332427,87.11,10,1,1.51245898,433332427,87.12,10,1,1.51245898,433332427,86.55,10,1,1.51245898,433332427,84.35,10,1,1.51245898,81.09093807
433332427,87.11,10,1,1.51245898,433332427,87.12,10,1,1.51245898,433332427,86.55,10,1,1.51245898,433332427,84.35,10,1,1.51245898,433332427,83.83,10,1,1.51245898,80.39777823
433332427,87.12,10,1,1.51245898,433332427,86.55,10,1,1.51245898,433332427,84.35,10,1,1.51245898,433332427,83.83,10,1,1.51245898,433332427,85.81,10,1,1.51245898,80.52917051
433332427,86.55,10,1,1.51245898,433332427,84.35,10,1,1.51245898,433332427,83.83,10,1,1.51245898,433332427,85.81,10,1,1.51245898,433332427,86.28,10,1,1.51245898,80.02177691
433332427,84.35,10,1,1.51245898,433332427,83.83,10,1,1.51245898,433332427,85.81,10,1,1.51245898,433332427,86.28,10,1,1.51245898,433332427,86.33,10,1,1.51245898,79.7158773
433332427,83.83,10,1,1.51245898,433332427,85.81,10,1,1.51245898,433332427,86.28,10,1,1.51245898,433332427,86.33,10,1,1.51245898,433332427,86.23,10,1,1.51245898,78.81394558
433332427,85.81,10,1,1.51245898,433332427,86.28,10,1,1.51245898,433332427,86.33,10,1,1.51245898,433332427,86.23,10,1,1.51245898,433332427,83.98,10,1,1.51245898,78.6883482
433332427,86.28,10,1,1.51245898,433332427,86.33,10,1,1.51245898,433332427,86.23,10,1,1.51245898,433332427,83.98,10,1,1.51245898,433332427,82.73,10,1,1.51245898,79.07502971
433332427,86.33,10,1,1.51245898,433332427,86.23,10,1,1.51245898,433332427,83.98,10,1,1.51245898,433332427,82.73,10,1,1.51245898,433332427,84.73,10,1,1.51245898,79.44246995
433332427,86.23,10,1,1.51245898,433332427,83.98,10,1,1.51245898,433332427,82.73,10,1,1.51245898,433332427,84.73,10,1,1.51245898,433332427,85.75,10,1,1.51245898,79.59623198
433332427,83.98,10,1,1.51245898,433332427,82.73,10,1,1.51245898,433332427,84.73,10,1,1.51245898,433332427,85.75,10,1,1.51245898,433332427,86.43,10,1,1.51245898,79.24150349
433332427,82.73,10,1,1.51245898,433332427,84.73,10,1,1.51245898,433332427,85.75,10,1,1.51245898,433332427,86.43,10,1,1.51245898,433332427,87.07,10,1,1.51245898,79.62632016
433332427,84.73,10,1,1.51245898,433332427,85.75,10,1,1.51245898,433332427,86.43,10,1,1.51245898,433332427,87.07,10,1,1.51245898,433332427,87.07,10,1,1.51245898,79.67846028
433332427,85.75,10,1,1.51245898,433332427,86.43,10,1,1.51245898,433332427,87.07,10,1,1.51245898,433332427,87.07,10,1,1.51245898,433332427,87.59,10,1,1.51245898,79.13854648
433332427,86.43,10,1,1.51245898,433332427,87.07,10,1,1.51245898,433332427,87.07,10,1,1.51245898,433332427,87.59,10,1,1.51245898,433332427,84.16,10,1,1.51245898,79.22283869
433332427,87.07,10,1,1.51245898,433332427,87.07,10,1,1.51245898,433332427,87.59,10,1,1.51245898,433332427,84.16,10,1,1.51245898,433332427,82.85,10,1,1.51245898,79.3074635
433332427,87.07,10,1,1.51245898,433332427,87.59,10,1,1.51245898,433332427,84.16,10,1,1.51245898,433332427,82.85,10,1,1.51245898,433332427,84.3,10,1,1.51245898,79.05955144
433332427,87.59,10,1,1.51245898,433332427,84.16,10,1,1.51245898,433332427,82.85,10,1,1.51245898,433332427,84.3,10,1,1.51245898,433332427,82.28,10,1,1.51245898,79.11754983
433332427,84.16,10,1,1.51245898,433332427,82.85,10,1,1.51245898,433332427,84.3,10,1,1.51245898,433332427,82.28,10,1,1.51245898,433332427,81.69,10,1,1.51245898,78.32202946
433332427,82.85,10,1,1.51245898,433332427,84.3,10,1,1.51245898,433332427,82.28,10,1,1.51245898,433332427,81.69,10,1,1.51245898,433332427,80.94,10,1,1.51245898,78.63138635
433332427,84.3,10,1,1.51245898,433332427,82.28,10,1,1.51245898,433332427,81.69,10,1,1.51245898,433332427,80.94,10,1,1.51245898,433332427,79.27,10,1,1.51245898,77.95367169
433332427,82.28,10,1,1.51245898,433332427,81.69,10,1,1.51245898,433332427,80.94,10,1,1.51245898,433332427,79.27,10,1,1.51245898,433332427,77.52,10,1,1.51245898,79.31251875
433332427,81.69,10,1,1.51245898,433332427,80.94,10,1,1.51245898,433332427,79.27,10,1,1.51245898,433332427,77.52,10,1,1.51245898,433332427,78.26,10,1,1.51245898,77.88712144
433332427,80.94,10,1,1.51245898,433332427,79.27,10,1,1.51245898,433332427,77.52,10,1,1.51245898,433332427,78.26,10,1,1.51245898,433332427,80.14,10,1,1.51245898,77.93496532
433332427,79.27,10,1,1.51245898,433332427,77.52,10,1,1.51245898,433332427,78.26,10,1,1.51245898,433332427,80.14,10,1,1.51245898,433332427,81.52,10,1,1.51245898,77.82833858
433332427,77.52,10,1,1.51245898,433332427,78.26,10,1,1.51245898,433332427,80.14,10,1,1.51245898,433332427,81.52,10,1,1.51245898,433332427,79.56,10,1,1.51245898,79.38036703
433332427,78.26,10,1,1.51245898,433332427,80.14,10,1,1.51245898,433332427,81.52,10,1,1.51245898,433332427,79.56,10,1,1.51245898,433332427,80.59,10,1,1.51245898,79.55235126
433332427,80.14,10,1,1.51245898,433332427,81.52,10,1,1.51245898,433332427,79.56,10,1,1.51245898,433332427,80.59,10,1,1.51245898,433332427,80.52,10,1,1.51245898,79.20238692
433332427,81.52,10,1,1.51245898,433332427,79.56,10,1,1.51245898,433332427,80.59,10,1,1.51245898,433332427,80.52,10,1,1.51245898,433332427,82.49,10,1,1.51245898,78.55080004
433332427,79.56,10,1,1.51245898,433332427,80.59,10,1,1.51245898,433332427,80.52,10,1,1.51245898,433332427,82.49,10,1,1.51245898,433332427,83,10,1,1.51245898,78.63015156
433332427,80.59,10,1,1.51245898,433332427,80.52,10,1,1.51245898,433332427,82.49,10,1,1.51245898,433332427,83,10,1,1.51245898,433332427,82.74,10,1,1.51245898,78.50328269
433332427,80.52,10,1,1.51245898,433332427,82.49,10,1,1.51245898,433332427,83,10,1,1.51245898,433332427,82.74,10,1,1.51245898,433332427,83.25,10,1,1.51245898,78.91555084
433332427,82.49,10,1,1.51245898,433332427,83,10,1,1.51245898,433332427,82.74,10,1,1.51245898,433332427,83.25,10,1,1.51245898,433332427,83.76,10,1,1.51245898,77.85814064
433332427,83,10,1,1.51245898,433332427,82.74,10,1,1.51245898,433332427,83.25,10,1,1.51245898,433332427,83.76,10,1,1.51245898,433332427,82.25,10,1,1.51245898,77.58716882
433332427,82.74,10,1,1.51245898,433332427,83.25,10,1,1.51245898,433332427,83.76,10,1,1.51245898,433332427,82.25,10,1,1.51245898,433332427,79.44,10,1,1.51245898,77.59107813
433332427,83.25,10,1,1.51245898,433332427,83.76,10,1,1.51245898,433332427,82.25,10,1,1.51245898,433332427,79.44,10,1,1.51245898,433332427,79.06,10,1,1.51245898,76.81281424
433332427,83.76,10,1,1.51245898,433332427,82.25,10,1,1.51245898,433332427,79.44,10,1,1.51245898,433332427,79.06,10,1,1.51245898,433332427,77.71,10,1,1.51245898,76.87046538
433332427,82.25,10,1,1.51245898,433332427,79.44,10,1,1.51245898,433332427,79.06,10,1,1.51245898,433332427,77.71,10,1,1.51245898,433332427,74.59,10,1,1.51245898,74.81868689
433332427,79.44,10,1,1.51245898,433332427,79.06,10,1,1.51245898,433332427,77.71,10,1,1.51245898,433332427,74.59,10,1,1.51245898,433332427,73.74,10,1,1.51245898,77.01972587
433332427,79.06,10,1,1.51245898,433332427,77.71,10,1,1.51245898,433332427,74.59,10,1,1.51245898,433332427,73.74,10,1,1.51245898,433332427,73.59,10,1,1.51245898,76.50593062
433332427,77.71,10,1,1.51245898,433332427,74.59,10,1,1.51245898,433332427,73.74,10,1,1.51245898,433332427,73.59,10,1,1.51245898,433332427,75.39,10,1,1.51245898,75.45174278
433332427,74.59,10,1,1.51245898,433332427,73.74,10,1,1.51245898,433332427,73.59,10,1,1.51245898,433332427,75.39,10,1,1.51245898,433332427,75.15,10,1,1.51245898,76.51112676
433332427,73.74,10,1,1.51245898,433332427,73.59,10,1,1.51245898,433332427,75.39,10,1,1.51245898,433332427,75.15,10,1,1.51245898,433332427,73.62,10,1,1.51245898,75.3602693
433332427,73.59,10,1,1.51245898,433332427,75.39,10,1,1.51245898,433332427,75.15,10,1,1.51245898,433332427,73.62,10,1,1.51245898,433332427,71.33,10,1,1.51245898,76.3678174
433332427,75.39,10,1,1.51245898,433332427,75.15,10,1,1.51245898,433332427,73.62,10,1,1.51245898,433332427,71.33,10,1,1.51245898,433332427,70.91,10,1,1.51245898,76.58114602
433332427,75.15,10,1,1.51245898,433332427,73.62,10,1,1.51245898,433332427,71.33,10,1,1.51245898,433332427,70.91,10,1,1.51245898,433332427,73.07,10,1,1.51245898,83.05642148
433332427,73.62,10,1,1.51245898,433332427,71.33,10,1,1.51245898,433332427,70.91,10,1,1.51245898,433332427,73.07,10,1,1.51245898,433332427,72.65,10,1,1.51245898,84.75756805
433332427,71.33,10,1,1.51245898,433332427,70.91,10,1,1.51245898,433332427,73.07,10,1,1.51245898,433332427,72.65,10,1,1.51245898,433332427,79,10,1,1.51245898,84.98034236
433332427,70.91,10,1,1.51245898,433332427,73.07,10,1,1.51245898,433332427,72.65,10,1,1.51245898,433332427,79,10,1,1.51245898,433332427,82.09,10,1,1.51245898,85.26054613
433332427,73.07,10,1,1.51245898,433332427,72.65,10,1,1.51245898,433332427,79,10,1,1.51245898,433332427,82.09,10,1,1.51245898,433332427,82.8,10,1,1.51245898,84.00013612
433332427,72.65,10,1,1.51245898,433332427,79,10,1,1.51245898,433332427,82.09,10,1,1.51245898,433332427,82.8,10,1,1.51245898,433332427,80.78,10,1,1.51245898,83.77499892
433332427,79,10,1,1.51245898,433332427,82.09,10,1,1.51245898,433332427,82.8,10,1,1.51245898,433332427,80.78,10,1,1.51245898,433332427,82.13,10,1,1.51245898,83.54285283
433332427,82.09,10,1,1.51245898,433332427,82.8,10,1,1.51245898,433332427,80.78,10,1,1.51245898,433332427,82.13,10,1,1.51245898,433332427,81.2,10,1,1.51245898,84.17176576
433332427,82.8,10,1,1.51245898,433332427,80.78,10,1,1.51245898,433332427,82.13,10,1,1.51245898,433332427,81.2,10,1,1.51245898,433332427,81.4,10,1,1.51245898,84.56714737
433332427,80.78,10,1,1.51245898,433332427,82.13,10,1,1.51245898,433332427,81.2,10,1,1.51245898,433332427,81.4,10,1,1.51245898,433332427,83.12,10,1,1.51245898,84.19327601
433332427,82.13,10,1,1.51245898,433332427,81.2,10,1,1.51245898,433332427,81.4,10,1,1.51245898,433332427,83.12,10,1,1.51245898,433332427,81.67,10,1,1.51245898,84.73527261
433332427,81.2,10,1,1.51245898,433332427,81.4,10,1,1.51245898,433332427,83.12,10,1,1.51245898,433332427,81.67,10,1,1.51245898,433332427,80.28,10,1,1.51245898,85.2157104
433332427,81.4,10,1,1.51245898,433332427,83.12,10,1,1.51245898,433332427,81.67,10,1,1.51245898,433332427,80.28,10,1,1.51245898,433332427,80.2,10,1,1.51245898,83.68482324
433332427,83.12,10,1,1.51245898,433332427,81.67,10,1,1.51245898,433332427,80.28,10,1,1.51245898,433332427,80.2,10,1,1.51245898,433332427,79.26,10,1,1.51245898,83.70791554
433332427,81.67,10,1,1.51245898,433332427,80.28,10,1,1.51245898,433332427,80.2,10,1,1.51245898,433332427,79.26,10,1,1.51245898,433332427,76.07,10,1,1.51245898,84.57484211
433332427,80.28,10,1,1.51245898,433332427,80.2,10,1,1.51245898,433332427,79.26,10,1,1.51245898,433332427,76.07,10,1,1.51245898,433332427,74.46,10,1,1.51245898,80.35140959
433332427,80.2,10,1,1.51245898,433332427,79.26,10,1,1.51245898,433332427,76.07,10,1,1.51245898,433332427,74.46,10,1,1.51245898,433332427,73.75,10,1,1.51245898,81.83046081
433332427,79.26,10,1,1.51245898,433332427,76.07,10,1,1.51245898,433332427,74.46,10,1,1.51245898,433332427,73.75,10,1,1.51245898,433332427,70.54,10,1,1.51245898,79.28998592
433332427,76.07,10,1,1.51245898,433332427,74.46,10,1,1.51245898,433332427,73.75,10,1,1.51245898,433332427,70.54,10,1,1.51245898,433332427,71.35,10,1,1.51245898,79.60352352
433332427,74.46,10,1,1.51245898,433332427,73.75,10,1,1.51245898,433332427,70.54,10,1,1.51245898,433332427,71.35,10,1,1.51245898,433332427,74.05,10,1,1.51245898,79.37343415
433332427,73.75,10,1,1.51245898,433332427,70.54,10,1,1.51245898,433332427,71.35,10,1,1.51245898,433332427,74.05,10,1,1.51245898,433332427,74.15,10,1,1.51245898,79.51701388
433332427,70.54,10,1,1.51245898,433332427,71.35,10,1,1.51245898,433332427,74.05,10,1,1.51245898,433332427,74.15,10,1,1.51245898,433332427,74.96,10,1,1.51245898,80.13848019
433332427,71.35,10,1,1.51245898,433332427,74.05,10,1,1.51245898,433332427,74.15,10,1,1.51245898,433332427,74.96,10,1,1.51245898,433332427,77.28,10,1,1.51245898,82.28603826
433332427,74.05,10,1,1.51245898,433332427,74.15,10,1,1.51245898,433332427,74.96,10,1,1.51245898,433332427,77.28,10,1,1.51245898,433332427,77.96,10,1,1.51245898,81.52960348
433332427,74.15,10,1,1.51245898,433332427,74.96,10,1,1.51245898,433332427,77.28,10,1,1.51245898,433332427,77.96,10,1,1.51245898,433332427,79.54,10,1,1.51245898,82.54286109
433332427,74.96,10,1,1.51245898,433332427,77.28,10,1,1.51245898,433332427,77.96,10,1,1.51245898,433332427,79.54,10,1,1.51245898,433332427,78.67,10,1,1.51245898,84.47642289
433332427,77.28,10,1,1.51245898,433332427,77.96,10,1,1.51245898,433332427,79.54,10,1,1.51245898,433332427,78.67,10,1,1.51245898,433332427,79.23,10,1,1.51245898,83.9038958
433332427,77.96,10,1,1.51245898,433332427,79.54,10,1,1.51245898,433332427,78.67,10,1,1.51245898,433332427,79.23,10,1,1.51245898,433332427,79.8,10,1,1.51245898,84.68840253
433332427,79.54,10,1,1.51245898,433332427,78.67,10,1,1.51245898,433332427,79.23,10,1,1.51245898,433332427,79.8,10,1,1.51245898,433332427,81.59,10,1,1.51245898,85.49799301
433332427,78.67,10,1,1.51245898,433332427,79.23,10,1,1.51245898,433332427,79.8,10,1,1.51245898,433332427,81.59,10,1,1.51245898,433332427,82.3,10,1,1.51245898,84.19259177
433332427,79.23,10,1,1.51245898,433332427,79.8,10,1,1.51245898,433332427,81.59,10,1,1.51245898,433332427,82.3,10,1,1.51245898,433333513,97.07,10,1,1.53183528,83.82833888
433332427,79.8,10,1,1.51245898,433332427,81.59,10,1,1.51245898,433332427,82.3,10,1,1.51245898,433333513,97.07,10,1,1.53183528,433333513,97.13,10,1,1.53183528,83.81658499
433332427,81.59,10,1,1.51245898,433332427,82.3,10,1,1.51245898,433333513,97.07,10,1,1.53183528,433333513,97.13,10,1,1.53183528,433333513,96.73,10,1,1.53183528,83.58437487
433332427,82.3,10,1,1.51245898,433333513,97.07,10,1,1.53183528,433333513,97.13,10,1,1.53183528,433333513,96.73,10,1,1.53183528,433333513,96.38,10,1,1.53183528,82.87106193
433333513,97.07,10,1,1.53183528,433333513,97.13,10,1,1.53183528,433333513,96.73,10,1,1.53183528,433333513,96.38,10,1,1.53183528,433333513,95.01,10,1,1.53183528,83.47310354
433333513,97.13,10,1,1.53183528,433333513,96.73,10,1,1.53183528,433333513,96.38,10,1,1.53183528,433333513,95.01,10,1,1.53183528,433333513,94.9,10,1,1.53183528,81.36709046
433333513,96.73,10,1,1.53183528,433333513,96.38,10,1,1.53183528,433333513,95.01,10,1,1.53183528,433333513,94.9,10,1,1.53183528,433333513,93.56,10,1,1.53183528,80.6015557
433333513,96.38,10,1,1.53183528,433333513,95.01,10,1,1.53183528,433333513,94.9,10,1,1.53183528,433333513,93.56,10,1,1.53183528,433333513,92.19,10,1,1.53183528,79.86821757
433333513,95.01,10,1,1.53183528,433333513,94.9,10,1,1.53183528,433333513,93.56,10,1,1.53183528,433333513,92.19,10,1,1.53183528,433333513,90.59,10,1,1.53183528,80.04111916
433333513,94.9,10,1,1.53183528,433333513,93.56,10,1,1.53183528,433333513,92.19,10,1,1.53183528,433333513,90.59,10,1,1.53183528,433333513,90.64,10,1,1.53183528,80.2495204
433333513,93.56,10,1,1.53183528,433333513,92.19,10,1,1.53183528,433333513,90.59,10,1,1.53183528,433333513,90.64,10,1,1.53183528,433333513,91.12,10,1,1.53183528,79.7555088
433333513,92.19,10,1,1.53183528,433333513,90.59,10,1,1.53183528,433333513,90.64,10,1,1.53183528,433333513,91.12,10,1,1.53183528,433333513,92.06,10,1,1.53183528,81.14213342
433333513,90.59,10,1,1.53183528,433333513,90.64,10,1,1.53183528,433333513,91.12,10,1,1.53183528,433333513,92.06,10,1,1.53183528,433333513,94.16,10,1,1.53183528,80.40153507
433333513,90.64,10,1,1.53183528,433333513,91.12,10,1,1.53183528,433333513,92.06,10,1,1.53183528,433333513,94.16,10,1,1.53183528,433333513,93.51,10,1,1.53183528,81.97293175
433333513,91.12,10,1,1.53183528,433333513,92.06,10,1,1.53183528,433333513,94.16,10,1,1.53183528,433333513,93.51,10,1,1.53183528,433333513,94.47,10,1,1.53183528,82.11089217
433333513,92.06,10,1,1.53183528,433333513,94.16,10,1,1.53183528,433333513,93.51,10,1,1.53183528,433333513,94.47,10,1,1.53183528,433333513,96.03,10,1,1.53183528,81.88680762
433333513,94.16,10,1,1.53183528,433333513,93.51,10,1,1.53183528,433333513,94.47,10,1,1.53183528,433333513,96.03,10,1,1.53183528,433333513,95.7,10,1,1.53183528,82.09677066
433333513,93.51,10,1,1.53183528,433333513,94.47,10,1,1.53183528,433333513,96.03,10,1,1.53183528,433333513,95.7,10,1,1.53183528,433333513,95,10,1,1.53183528,82.16418157
433333513,94.47,10,1,1.53183528,433333513,96.03,10,1,1.53183528,433333513,95.7,10,1,1.53183528,433333513,95,10,1,1.53183528,433333513,95.55,10,1,1.53183528,82.6195092
433333513,96.03,10,1,1.53183528,433333513,95.7,10,1,1.53183528,433333513,95,10,1,1.53183528,433333513,95.55,10,1,1.53183528,433333513,94.4,10,1,1.53183528,83.27906334
433333513,95.7,10,1,1.53183528,433333513,95,10,1,1.53183528,433333513,95.55,10,1,1.53183528,433333513,94.4,10,1,1.53183528,433333513,95.85,10,1,1.53183528,82.33500284
433333513,95,10,1,1.53183528,433333513,95.55,10,1,1.53183528,433333513,94.4,10,1,1.53183528,433333513,95.85,10,1,1.53183528,433333513,94.05,10,1,1.53183528,82.82134641
433333513,95.55,10,1,1.53183528,433333513,94.4,10,1,1.53183528,433333513,95.85,10,1,1.53183528,433333513,94.05,10,1,1.53183528,433333513,92.71,10,1,1.53183528,81.53396022
433333513,94.4,10,1,1.53183528,433333513,95.85,10,1,1.53183528,433333513,94.05,10,1,1.53183528,433333513,92.71,10,1,1.53183528,433333513,92,10,1,1.53183528,82.2382222
433333513,95.85,10,1,1.53183528,433333513,94.05,10,1,1.53183528,433333513,92.71,10,1,1.53183528,433333513,92,10,1,1.53183528,433333513,91.38,10,1,1.53183528,82.55268588
433333513,94.05,10,1,1.53183528,433333513,92.71,10,1,1.53183528,433333513,92,10,1,1.53183528,433333513,91.38,10,1,1.53183528,433333513,93.3,10,1,1.53183528,82.17244272
433333513,92.71,10,1,1.53183528,433333513,92,10,1,1.53183528,433333513,91.38,10,1,1.53183528,433333513,93.3,10,1,1.53183528,433333513,93.64,10,1,1.53183528,80.72413023
433333513,92,10,1,1.53183528,433333513,91.38,10,1,1.53183528,433333513,93.3,10,1,1.53183528,433333513,93.64,10,1,1.53183528,433333513,90.5,10,1,1.53183528,79.84474454
433333513,91.38,10,1,1.53183528,433333513,93.3,10,1,1.53183528,433333513,93.64,10,1,1.53183528,433333513,90.5,10,1,1.53183528,433333513,92.51,10,1,1.53183528,78.5118198
433333513,93.3,10,1,1.53183528,433333513,93.64,10,1,1.53183528,433333513,90.5,10,1,1.53183528,433333513,92.51,10,1,1.53183528,433333513,90.95,10,1,1.53183528,79.33952906
433333513,93.64,10,1,1.53183528,433333513,90.5,10,1,1.53183528,433333513,92.51,10,1,1.53183528,433333513,90.95,10,1,1.53183528,433333513,91.86,10,1,1.53183528,79.37313492
433333513,90.5,10,1,1.53183528,433333513,92.51,10,1,1.53183528,433333513,90.95,10,1,1.53183528,433333513,91.86,10,1,1.53183528,433333513,91.95,10,1,1.53183528,80.24462989
433333513,92.51,10,1,1.53183528,433333513,90.95,10,1,1.53183528,433333513,91.86,10,1,1.53183528,433333513,91.95,10,1,1.53183528,433333513,92.47,10,1,1.53183528,81.48489092
433333513,90.95,10,1,1.53183528,433333513,91.86,10,1,1.53183528,433333513,91.95,10,1,1.53183528,433333513,92.47,10,1,1.53183528,433333513,93.1,10,1,1.53183528,83.96160715
433333513,91.86,10,1,1.53183528,433333513,91.95,10,1,1.53183528,433333513,92.47,10,1,1.53183528,433333513,93.1,10,1,1.53183528,433333513,95.68,10,1,1.53183528,83.56768331
433333513,91.95,10,1,1.53183528,433333513,92.47,10,1,1.53183528,433333513,93.1,10,1,1.53183528,433333513,95.68,10,1,1.53183528,433333513,97.27,10,1,1.53183528,83.75674851
433333513,92.47,10,1,1.53183528,433333513,93.1,10,1,1.53183528,433333513,95.68,10,1,1.53183528,433333513,97.27,10,1,1.53183528,433333513,98.52,10,1,1.53183528,84.19851183
433333513,93.1,10,1,1.53183528,433333513,95.68,10,1,1.53183528,433333513,97.27,10,1,1.53183528,433333513,98.52,10,1,1.53183528,439199514,98.67,10,1,1.53183528,83.72504208
433333513,95.68,10,1,1.53183528,433333513,97.27,10,1,1.53183528,433333513,98.52,10,1,1.53183528,439199514,98.67,10,1,1.53183528,439199514,98.63,10,1,1.53183528,82.49024086
433333513,97.27,10,1,1.53183528,433333513,98.52,10,1,1.53183528,439199514,98.67,10,1,1.53183528,439199514,98.63,10,1,1.53183528,439199514,97.8,10,1,1.53183528,82.83437845
433333513,98.52,10,1,1.53183528,439199514,98.67,10,1,1.53183528,439199514,98.63,10,1,1.53183528,439199514,97.8,10,1,1.53183528,439199514,97.03,10,1,1.53183528,82.23431692
439199514,98.67,10,1,1.53183528,439199514,98.63,10,1,1.53183528,439199514,97.8,10,1,1.53183528,439199514,97.03,10,1,1.53183528,439199514,96.83,10,1,1.53183528,81.94586391
439199514,98.63,10,1,1.53183528,439199514,97.8,10,1,1.53183528,439199514,97.03,10,1,1.53183528,439199514,96.83,10,1,1.53183528,439199514,96.93,10,1,1.53183528,80.15648043
439199514,97.8,10,1,1.53183528,439199514,97.03,10,1,1.53183528,439199514,96.83,10,1,1.53183528,439199514,96.93,10,1,1.53183528,439199514,94.77,10,1,1.53183528,79.28997498
439199514,97.03,10,1,1.53183528,439199514,96.83,10,1,1.53183528,439199514,96.93,10,1,1.53183528,439199514,94.77,10,1,1.53183528,439199514,92.67,10,1,1.53183528,80.17127367
439199514,96.83,10,1,1.53183528,439199514,96.93,10,1,1.53183528,439199514,94.77,10,1,1.53183528,439199514,92.67,10,1,1.53183528,439199514,93.06,10,1,1.53183528,79.21094966
439199514,96.93,10,1,1.53183528,439199514,94.77,10,1,1.53183528,439199514,92.67,10,1,1.53183528,439199514,93.06,10,1,1.53183528,439199514,94.66,10,1,1.53183528,78.32966294
439199514,94.77,10,1,1.53183528,439199514,92.67,10,1,1.53183528,439199514,93.06,10,1,1.53183528,439199514,94.66,10,1,1.53183528,439199514,94.76,10,1,1.53183528,78.78692823
439199514,92.67,10,1,1.53183528,439199514,93.06,10,1,1.53183528,439199514,94.66,10,1,1.53183528,439199514,94.76,10,1,1.53183528,439199514,95.8,10,1,1.53183528,77.6798397
439199514,93.06,10,1,1.53183528,439199514,94.66,10,1,1.53183528,439199514,94.76,10,1,1.53183528,439199514,95.8,10,1,1.53183528,439199514,96.85,10,1,1.53183528,78.04645213
439199514,94.66,10,1,1.53183528,439199514,94.76,10,1,1.53183528,439199514,95.8,10,1,1.53183528,439199514,96.85,10,1,1.53183528,439199514,96.3,10,1,1.53183528,77.85430077
439199514,94.76,10,1,1.53183528,439199514,95.8,10,1,1.53183528,439199514,96.85,10,1,1.53183528,439199514,96.3,10,1,1.53183528,439199514,97.07,10,1,1.53183528,78.07047431
439199514,95.8,10,1,1.53183528,439199514,96.85,10,1,1.53183528,439199514,96.3,10,1,1.53183528,439199514,97.07,10,1,1.53183528,439199514,97.51,10,1,1.53183528,79.66153855
439199514,96.85,10,1,1.53183528,439199514,96.3,10,1,1.53183528,439199514,97.07,10,1,1.53183528,439199514,97.51,10,1,1.53183528,439199514,98.3,10,1,1.53183528,80.03702
439199514,96.3,10,1,1.53183528,439199514,97.07,10,1,1.53183528,439199514,97.51,10,1,1.53183528,439199514,98.3,10,1,1.53183528,439199514,100.6,10,1,1.53183528,82.71035202
439199514,97.07,10,1,1.53183528,439199514,97.51,10,1,1.53183528,439199514,98.3,10,1,1.53183528,439199514,100.6,10,1,1.53183528,439199514,102.8,10,1,1.53183528,82.35481598
439199514,97.51,10,1,1.53183528,439199514,98.3,10,1,1.53183528,439199514,100.6,10,1,1.53183528,439199514,102.8,10,1,1.53183528,439199514,104.65,10,1,1.53183528,82.60099007
439199514,98.3,10,1,1.53183528,439199514,100.6,10,1,1.53183528,439199514,102.8,10,1,1.53183528,439199514,104.65,10,1,1.53183528,439199514,105.05,10,1,1.53183528,82.52990822
439199514,100.6,10,1,1.53183528,439199514,102.8,10,1,1.53183528,439199514,104.65,10,1,1.53183528,439199514,105.05,10,1,1.53183528,439199514,104.8,10,1,1.53183528,82.73495571
439199514,102.8,10,1,1.53183528,439199514,104.65,10,1,1.53183528,439199514,105.05,10,1,1.53183528,439199514,104.8,10,1,1.53183528,439199514,105.1,10,1,1.53183528,82.97950086
439199514,104.65,10,1,1.53183528,439199514,105.05,10,1,1.53183528,439199514,104.8,10,1,1.53183528,439199514,105.1,10,1,1.53183528,439199514,105.9,10,1,1.53183528,83.02987865
439199514,105.05,10,1,1.53183528,439199514,104.8,10,1,1.53183528,439199514,105.1,10,1,1.53183528,439199514,105.9,10,1,1.53183528,439199514,106.15,10,1,1.53183528,82.5916524
439199514,104.8,10,1,1.53183528,439199514,105.1,10,1,1.53183528,439199514,105.9,10,1,1.53183528,439199514,106.15,10,1,1.53183528,439199514,105.8,10,1,1.53183528,82.65353618
439199514,105.1,10,1,1.53183528,439199514,105.9,10,1,1.53183528,439199514,106.15,10,1,1.53183528,439199514,105.8,10,1,1.53183528,439199514,105.35,10,1,1.53183528,82.44497041
439199514,105.9,10,1,1.53183528,439199514,106.15,10,1,1.53183528,439199514,105.8,10,1,1.53183528,439199514,105.35,10,1,1.53183528,439199514,105.85,10,1,1.53183528,81.39414997
439199514,106.15,10,1,1.53183528,439199514,105.8,10,1,1.53183528,439199514,105.35,10,1,1.53183528,439199514,105.85,10,1,1.53183528,439199514,106.45,10,1,1.53183528,80.3336535
439199514,105.8,10,1,1.53183528,439199514,105.35,10,1,1.53183528,439199514,105.85,10,1,1.53183528,439199514,106.45,10,1,1.53183528,439199514,104.75,10,1,1.53183528,80.36582251
439199514,105.35,10,1,1.53183528,439199514,105.85,10,1,1.53183528,439199514,106.45,10,1,1.53183528,439199514,104.75,10,1,1.53183528,439199514,103.95,10,1,1.53183528,80.34817203
439199514,105.85,10,1,1.53183528,439199514,106.45,10,1,1.53183528,439199514,104.75,10,1,1.53183528,439199514,103.95,10,1,1.53183528,439199514,104.1,10,1,1.53183528,81.45341891
439199514,106.45,10,1,1.53183528,439199514,104.75,10,1,1.53183528,439199514,103.95,10,1,1.53183528,439199514,104.1,10,1,1.53183528,439199514,104.85,10,1,1.53183528,81.55483637
439199514,104.75,10,1,1.53183528,439199514,103.95,10,1,1.53183528,439199514,104.1,10,1,1.53183528,439199514,104.85,10,1,1.53183528,439199514,106.3,10,1,1.53183528,81.5092691
439199514,103.95,10,1,1.53183528,439199514,104.1,10,1,1.53183528,439199514,104.85,10,1,1.53183528,439199514,106.3,10,1,1.53183528,439199514,106.2,10,1,1.53183528,81.70304678
439199514,104.1,10,1,1.53183528,439199514,104.85,10,1,1.53183528,439199514,106.3,10,1,1.53183528,439199514,106.2,10,1,1.53183528,439199514,106.1,10,1,1.53183528,82.29314045
439199514,104.85,10,1,1.53183528,439199514,106.3,10,1,1.53183528,439199514,106.2,10,1,1.53183528,439199514,106.1,10,1,1.53183528,439199514,106.8,10,1,1.53183528,82.41099703
439199514,106.3,10,1,1.53183528,439199514,106.2,10,1,1.53183528,439199514,106.1,10,1,1.53183528,439199514,106.8,10,1,1.53183528,439199514,107.1,10,1,1.53183528,82.4470824
439199514,106.2,10,1,1.53183528,439199514,106.1,10,1,1.53183528,439199514,106.8,10,1,1.53183528,439199514,107.1,10,1,1.53183528,439199514,106.7,10,1,1.53183528,87.74672249
439199514,106.1,10,1,1.53183528,439199514,106.8,10,1,1.53183528,439199514,107.1,10,1,1.53183528,439199514,106.7,10,1,1.53183528,439199514,111.55,10,1,1.53183528,87.2782221
439199514,106.8,10,1,1.53183528,439199514,107.1,10,1,1.53183528,439199514,106.7,10,1,1.53183528,439199514,111.55,10,1,1.53183528,439199514,112.65,10,1,1.53183528,87.01407683
439199514,107.1,10,1,1.53183528,439199514,106.7,10,1,1.53183528,439199514,111.55,10,1,1.53183528,439199514,112.65,10,1,1.53183528,439199514,113.9,10,1,1.53183528,86.52697212
439199514,106.7,10,1,1.53183528,439199514,111.55,10,1,1.53183528,439199514,112.65,10,1,1.53183528,439199514,113.9,10,1,1.53183528,439199514,112.25,10,1,1.53183528,86.89980146
439199514,111.55,10,1,1.53183528,439199514,112.65,10,1,1.53183528,439199514,113.9,10,1,1.53183528,439199514,112.25,10,1,1.53183528,439199514,113.4,10,1,1.53183528,85.7367401
439199514,112.65,10,1,1.53183528,439199514,113.9,10,1,1.53183528,439199514,112.25,10,1,1.53183528,439199514,113.4,10,1,1.53183528,439199514,113.1,10,1,1.53183528,85.27935195
439199514,113.9,10,1,1.53183528,439199514,112.25,10,1,1.53183528,439199514,113.4,10,1,1.53183528,439199514,113.1,10,1,1.53183528,439199514,113.3,10,1,1.53183528,85.20349855
439199514,112.25,10,1,1.53183528,439199514,113.4,10,1,1.53183528,439199514,113.1,10,1,1.53183528,439199514,113.3,10,1,1.53183528,439199514,112.4,10,1,1.53183528,85.8058458
439199514,113.4,10,1,1.53183528,439199514,113.1,10,1,1.53183528,439199514,113.3,10,1,1.53183528,439199514,112.4,10,1,1.53183528,439199514,112.3,10,1,1.53183528,85.9293397
439199514,113.1,10,1,1.53183528,439199514,113.3,10,1,1.53183528,439199514,112.4,10,1,1.53183528,439199514,112.3,10,1,1.53183528,439199514,112.1,10,1,1.53183528,85.38193437
439199514,113.3,10,1,1.53183528,439199514,112.4,10,1,1.53183528,439199514,112.3,10,1,1.53183528,439199514,112.1,10,1,1.53183528,439199514,112.6,10,1,1.53183528,86.28992979
439199514,112.4,10,1,1.53183528,439199514,112.3,10,1,1.53183528,439199514,112.1,10,1,1.53183528,439199514,112.6,10,1,1.53183528,439199514,112,10,1,1.53183528,86.14553913
439199514,112.3,10,1,1.53183528,439199514,112.1,10,1,1.53183528,439199514,112.6,10,1,1.53183528,439199514,112,10,1,1.53183528,439199514,113.55,10,1,1.53183528,86.43466795
439199514,112.1,10,1,1.53183528,439199514,112.6,10,1,1.53183528,439199514,112,10,1,1.53183528,439199514,113.55,10,1,1.53183528,439199514,113.75,10,1,1.53183528,86.85284299
439199514,112.6,10,1,1.53183528,439199514,112,10,1,1.53183528,439199514,113.55,10,1,1.53183528,439199514,113.75,10,1,1.53183528,439199514,113.8,10,1,1.53183528,86.799447
439199514,112,10,1,1.53183528,439199514,113.55,10,1,1.53183528,439199514,113.75,10,1,1.53183528,439199514,113.8,10,1,1.53183528,439199514,114.95,10,1,1.53183528,87.42390136
439199514,113.55,10,1,1.53183528,439199514,113.75,10,1,1.53183528,439199514,113.8,10,1,1.53183528,439199514,114.95,10,1,1.53183528,439199514,115.8,10,1,1.53183528,87.00743156
439199514,113.75,10,1,1.53183528,439199514,113.8,10,1,1.53183528,439199514,114.95,10,1,1.53183528,439199514,115.8,10,1,1.53183528,439199514,116.75,10,1,1.53183528,87.42797375
439199514,113.8,10,1,1.53183528,439199514,114.95,10,1,1.53183528,439199514,115.8,10,1,1.53183528,439199514,116.75,10,1,1.53183528,439199514,117.3,10,1,1.53183528,87.55963856
439199514,114.95,10,1,1.53183528,439199514,115.8,10,1,1.53183528,439199514,116.75,10,1,1.53183528,439199514,117.3,10,1,1.53183528,439199514,118,10,1,1.53183528,87.62840845
439199514,115.8,10,1,1.53183528,439199514,116.75,10,1,1.53183528,439199514,117.3,10,1,1.53183528,439199514,118,10,1,1.53183528,439199514,118.5,10,1,1.53183528,87.51887405
439199514,116.75,10,1,1.53183528,439199514,117.3,10,1,1.53183528,439199514,118,10,1,1.53183528,439199514,118.5,10,1,1.53183528,439199514,118.65,10,1,1.53183528,87.01325815
439199514,117.3,10,1,1.53183528,439199514,118,10,1,1.53183528,439199514,118.5,10,1,1.53183528,439199514,118.65,10,1,1.53183528,439199514,117.85,10,1,1.53183528,86.54439434
439199514,118,10,1,1.53183528,439199514,118.5,10,1,1.53183528,439199514,118.65,10,1,1.53183528,439199514,117.85,10,1,1.53183528,439199514,118.25,10,1,1.53183528,87.16542006
439199514,118.5,10,1,1.53183528,439199514,118.65,10,1,1.53183528,439199514,117.85,10,1,1.53183528,439199514,118.25,10,1,1.53183528,439199514,117.7,10,1,1.53183528,85.14407432
439199514,118.65,10,1,1.53183528,439199514,117.85,10,1,1.53183528,439199514,118.25,10,1,1.53183528,439199514,117.7,10,1,1.53183528,439199514,117.5,10,1,1.53183528,84.66777963
439199514,117.85,10,1,1.53183528,439199514,118.25,10,1,1.53183528,439199514,117.7,10,1,1.53183528,439199514,117.5,10,1,1.53183528,439199514,116.35,10,1,1.53183528,84.52666163
439199514,118.25,10,1,1.53183528,439199514,117.7,10,1,1.53183528,439199514,117.5,10,1,1.53183528,439199514,116.35,10,1,1.53183528,439199514,114.8,10,1,1.53183528,84.36529472
439199514,117.7,10,1,1.53183528,439199514,117.5,10,1,1.53183528,439199514,116.35,10,1,1.53183528,439199514,114.8,10,1,1.53183528,439199514,115.05,10,1,1.53183528,83.45675465
439199514,117.5,10,1,1.53183528,439199514,116.35,10,1,1.53183528,439199514,114.8,10,1,1.53183528,439199514,115.05,10,1,1.53183528,439199514,113.75,10,1,1.53183528,88.43709382
439199514,116.35,10,1,1.53183528,439199514,114.8,10,1,1.53183528,439199514,115.05,10,1,1.53183528,439199514,113.75,10,1,1.53183528,431464705,144.1,10,1,1.54698322,87.73115935
439199514,114.8,10,1,1.53183528,439199514,115.05,10,1,1.53183528,439199514,113.75,10,1,1.53183528,431464705,144.1,10,1,1.54698322,431464705,144.45,10,1,1.54698322,87.92324397
439199514,115.05,10,1,1.53183528,439199514,113.75,10,1,1.53183528,431464705,144.1,10,1,1.54698322,431464705,144.45,10,1,1.54698322,431464705,144.1,10,1,1.54698322,86.78675962
439199514,113.75,10,1,1.53183528,431464705,144.1,10,1,1.54698322,431464705,144.45,10,1,1.54698322,431464705,144.1,10,1,1.54698322,431464705,143.3,10,1,1.54698322,86.9865482
431464705,144.1,10,1,1.54698322,431464705,144.45,10,1,1.54698322,431464705,144.1,10,1,1.54698322,431464705,143.3,10,1,1.54698322,431464705,142.85,10,1,1.54698322,87.81984382
431464705,144.45,10,1,1.54698322,431464705,144.1,10,1,1.54698322,431464705,143.3,10,1,1.54698322,431464705,142.85,10,1,1.54698322,431464705,144.2,10,1,1.54698322,87.18767779
431464705,144.1,10,1,1.54698322,431464705,143.3,10,1,1.54698322,431464705,142.85,10,1,1.54698322,431464705,144.2,10,1,1.54698322,431464705,143.65,10,1,1.54698322,87.36166043
431464705,143.3,10,1,1.54698322,431464705,142.85,10,1,1.54698322,431464705,144.2,10,1,1.54698322,431464705,143.65,10,1,1.54698322,431464705,144.15,10,1,1.54698322,87.74128863
431464705,142.85,10,1,1.54698322,431464705,144.2,10,1,1.54698322,431464705,143.65,10,1,1.54698322,431464705,144.15,10,1,1.54698322,431464705,144.8,10,1,1.54698322,89.0957228
431464705,144.2,10,1,1.54698322,431464705,143.65,10,1,1.54698322,431464705,144.15,10,1,1.54698322,431464705,144.8,10,1,1.54698322,431464705,146.95,10,1,1.54698322,89.44685717
431464705,143.65,10,1,1.54698322,431464705,144.15,10,1,1.54698322,431464705,144.8,10,1,1.54698322,431464705,146.95,10,1,1.54698322,431464705,148.3,10,1,1.54698322,89.32403718
431464705,144.15,10,1,1.54698322,431464705,144.8,10,1,1.54698322,431464705,146.95,10,1,1.54698322,431464705,148.3,10,1,1.54698322,431464705,148.5,10,1,1.54698322,86.89816096
431464705,144.8,10,1,1.54698322,431464705,146.95,10,1,1.54698322,431464705,148.3,10,1,1.54698322,431464705,148.5,10,1,1.54698322,431464705,143.35,10,1,1.54698322,89.52347468
431464705,146.95,10,1,1.54698322,431464705,148.3,10,1,1.54698322,431464705,148.5,10,1,1.54698322,431464705,143.35,10,1,1.54698322,431464705,146.4,10,1,1.54698322,89.18839489
431464705,148.3,10,1,1.54698322,431464705,148.5,10,1,1.54698322,431464705,143.35,10,1,1.54698322,431464705,146.4,10,1,1.54698322,431464705,147.7,10,1,1.54698322,90.93705256
431464705,148.5,10,1,1.54698322,431464705,143.35,10,1,1.54698322,431464705,146.4,10,1,1.54698322,431464705,147.7,10,1,1.54698322,431464705,148.9,10,1,1.54698322,90.84359731
431464705,143.35,10,1,1.54698322,431464705,146.4,10,1,1.54698322,431464705,147.7,10,1,1.54698322,431464705,148.9,10,1,1.54698322,431464705,150.75,10,1,1.54698322,90.92806734
431464705,146.4,10,1,1.54698322,431464705,147.7,10,1,1.54698322,431464705,148.9,10,1,1.54698322,431464705,150.75,10,1,1.54698322,431464705,149.9,10,1,1.54698322,90.84812267
431464705,147.7,10,1,1.54698322,431464705,148.9,10,1,1.54698322,431464705,150.75,10,1,1.54698322,431464705,149.9,10,1,1.54698322,431464705,150.1,10,1,1.54698322,90.83670363
431464705,148.9,10,1,1.54698322,431464705,150.75,10,1,1.54698322,431464705,149.9,10,1,1.54698322,431464705,150.1,10,1,1.54698322,431464705,152.4,10,1,1.54698322,90.31404011
431464705,150.75,10,1,1.54698322,431464705,149.9,10,1,1.54698322,431464705,150.1,10,1,1.54698322,431464705,152.4,10,1,1.54698322,431464705,152.4,10,1,1.54698322,91.1115255
431464705,149.9,10,1,1.54698322,431464705,150.1,10,1,1.54698322,431464705,152.4,10,1,1.54698322,431464705,152.4,10,1,1.54698322,431464705,153.4,10,1,1.54698322,91.60431931
431464705,150.1,10,1,1.54698322,431464705,152.4,10,1,1.54698322,431464705,152.4,10,1,1.54698322,431464705,153.4,10,1,1.54698322,431464705,155,10,1,1.54698322,91.59630997
431464705,152.4,10,1,1.54698322,431464705,152.4,10,1,1.54698322,431464705,153.4,10,1,1.54698322,431464705,155,10,1,1.54698322,431464705,154.85,10,1,1.54698322,92.31515937
431464705,152.4,10,1,1.54698322,431464705,153.4,10,1,1.54698322,431464705,155,10,1,1.54698322,431464705,154.85,10,1,1.54698322,431464705,155.8,10,1,1.54698322,92.45288675
431464705,153.4,10,1,1.54698322,431464705,155,10,1,1.54698322,431464705,154.85,10,1,1.54698322,431464705,155.8,10,1,1.54698322,431464705,157.05,10,1,1.54698322,93.03641842
431464705,155,10,1,1.54698322,431464705,154.85,10,1,1.54698322,431464705,155.8,10,1,1.54698322,431464705,157.05,10,1,1.54698322,431464705,158,10,1,1.54698322,91.78187927
431464705,154.85,10,1,1.54698322,431464705,155.8,10,1,1.54698322,431464705,157.05,10,1,1.54698322,431464705,158,10,1,1.54698322,431464705,156.35,10,1,1.54698322,91.14497898
431464705,155.8,10,1,1.54698322,431464705,157.05,10,1,1.54698322,431464705,158,10,1,1.54698322,431464705,156.35,10,1,1.54698322,431464705,152.4,10,1,1.54698322,91.16742349
431464705,157.05,10,1,1.54698322,431464705,158,10,1,1.54698322,431464705,156.35,10,1,1.54698322,431464705,152.4,10,1,1.54698322,431464705,152.35,10,1,1.54698322,91.56396318
431464705,158,10,1,1.54698322,431464705,156.35,10,1,1.54698322,431464705,152.4,10,1,1.54698322,431464705,152.35,10,1,1.54698322,431464705,151.85,10,1,1.54698322,92.28029246
431464705,156.35,10,1,1.54698322,431464705,152.4,10,1,1.54698322,431464705,152.35,10,1,1.54698322,431464705,151.85,10,1,1.54698322,431464705,151.85,10,1,1.54698322,91.54015879
431464705,152.4,10,1,1.54698322,431464705,152.35,10,1,1.54698322,431464705,151.85,10,1,1.54698322,431464705,151.85,10,1,1.54698322,431464705,149.3,10,1,1.54698322,92.20413581
431464705,152.35,10,1,1.54698322,431464705,151.85,10,1,1.54698322,431464705,151.85,10,1,1.54698322,431464705,149.3,10,1,1.54698322,431464705,151.15,10,1,1.54698322,92.01384816
431464705,151.85,10,1,1.54698322,431464705,151.85,10,1,1.54698322,431464705,149.3,10,1,1.54698322,431464705,151.15,10,1,1.54698322,431464705,152.35,10,1,1.54698322,92.26160776
431464705,151.85,10,1,1.54698322,431464705,149.3,10,1,1.54698322,431464705,151.15,10,1,1.54698322,431464705,152.35,10,1,1.54698322,431464705,151.75,10,1,1.54698322,93.18469232
431464705,149.3,10,1,1.54698322,431464705,151.15,10,1,1.54698322,431464705,152.35,10,1,1.54698322,431464705,151.75,10,1,1.54698322,431464705,153.65,10,1,1.54698322,92.35030198
431464705,151.15,10,1,1.54698322,431464705,152.35,10,1,1.54698322,431464705,151.75,10,1,1.54698322,431464705,153.65,10,1,1.54698322,431464705,155.25,10,1,1.54698322,92.61650904
431464705,152.35,10,1,1.54698322,431464705,151.75,10,1,1.54698322,431464705,153.65,10,1,1.54698322,431464705,155.25,10,1,1.54698322,431464705,154.25,10,1,1.54698322,92.64427051
431464705,151.75,10,1,1.54698322,431464705,153.65,10,1,1.54698322,431464705,155.25,10,1,1.54698322,431464705,154.25,10,1,1.54698322,431464705,154.9,10,1,1.54698322,92.71772432
431464705,153.65,10,1,1.54698322,431464705,155.25,10,1,1.54698322,431464705,154.25,10,1,1.54698322,431464705,154.9,10,1,1.54698322,431464705,154.55,10,1,1.54698322,92.03466667
431464705,155.25,10,1,1.54698322,431464705,154.25,10,1,1.54698322,431464705,154.9,10,1,1.54698322,431464705,154.55,10,1,1.54698322,431464705,154.35,10,1,1.54698322,87.42587032
431464705,154.25,10,1,1.54698322,431464705,154.9,10,1,1.54698322,431464705,154.55,10,1,1.54698322,431464705,154.35,10,1,1.54698322,431464705,146.85,10,1,1.54698322,87.47101432
431464705,154.9,10,1,1.54698322,431464705,154.55,10,1,1.54698322,431464705,154.35,10,1,1.54698322,431464705,146.85,10,1,1.54698322,431464705,145.45,10,1,1.54698322,86.03839522
431464705,154.55,10,1,1.54698322,431464705,154.35,10,1,1.54698322,431464705,146.85,10,1,1.54698322,431464705,145.45,10,1,1.54698322,431464705,143.7,10,1,1.54698322,84.5351723
431464705,154.35,10,1,1.54698322,431464705,146.85,10,1,1.54698322,431464705,145.45,10,1,1.54698322,431464705,143.7,10,1,1.54698322,431464705,142.05,10,1,1.54698322,85.94703945
431464705,146.85,10,1,1.54698322,431464705,145.45,10,1,1.54698322,431464705,143.7,10,1,1.54698322,431464705,142.05,10,1,1.54698322,431464705,141.5,10,1,1.54698322,85.27335475
431464705,145.45,10,1,1.54698322,431464705,143.7,10,1,1.54698322,431464705,142.05,10,1,1.54698322,431464705,141.5,10,1,1.54698322,431464705,142.55,10,1,1.54698322,86.0980784
431464705,143.7,10,1,1.54698322,431464705,142.05,10,1,1.54698322,431464705,141.5,10,1,1.54698322,431464705,142.55,10,1,1.54698322,431464705,143.85,10,1,1.54698322,85.96690613
431464705,142.05,10,1,1.54698322,431464705,141.5,10,1,1.54698322,431464705,142.55,10,1,1.54698322,431464705,143.85,10,1,1.54698322,431464705,146.15,10,1,1.54698322,85.88893424
431464705,141.5,10,1,1.54698322,431464705,142.55,10,1,1.54698322,431464705,143.85,10,1,1.54698322,431464705,146.15,10,1,1.54698322,431464705,145.35,10,1,1.54698322,85.76449389
431464705,142.55,10,1,1.54698322,431464705,143.85,10,1,1.54698322,431464705,146.15,10,1,1.54698322,431464705,145.35,10,1,1.54698322,431464705,146.7,10,1,1.54698322,85.80875784
431464705,143.85,10,1,1.54698322,431464705,146.15,10,1,1.54698322,431464705,145.35,10,1,1.54698322,431464705,146.7,10,1,1.54698322,431464705,146.4,10,1,1.54698322,85.42455647
431464705,146.15,10,1,1.54698322,431464705,145.35,10,1,1.54698322,431464705,146.7,10,1,1.54698322,431464705,146.4,10,1,1.54698322,431464705,145.85,10,1,1.54698322,85.30006838
431464705,145.35,10,1,1.54698322,431464705,146.7,10,1,1.54698322,431464705,146.4,10,1,1.54698322,431464705,145.85,10,1,1.54698322,431464705,145.05,10,1,1.54698322,85.8424397
431464705,146.7,10,1,1.54698322,431464705,146.4,10,1,1.54698322,431464705,145.85,10,1,1.54698322,431464705,145.05,10,1,1.54698322,431464705,147.4,10,1,1.54698322,86.38098014
431464705,146.4,10,1,1.54698322,431464705,145.85,10,1,1.54698322,431464705,145.05,10,1,1.54698322,431464705,147.4,10,1,1.54698322,431464705,148.8,10,1,1.54698322,86.18719467
431464705,145.85,10,1,1.54698322,431464705,145.05,10,1,1.54698322,431464705,147.4,10,1,1.54698322,431464705,148.8,10,1,1.54698322,431464705,146.75,10,1,1.54698322,85.51379337
431464705,145.05,10,1,1.54698322,431464705,147.4,10,1,1.54698322,431464705,148.8,10,1,1.54698322,431464705,146.75,10,1,1.54698322,431464705,146.7,10,1,1.54698322,85.11178518
431464705,147.4,10,1,1.54698322,431464705,148.8,10,1,1.54698322,431464705,146.75,10,1,1.54698322,431464705,146.7,10,1,1.54698322,431464705,146.75,10,1,1.54698322,84.55444893
431464705,148.8,10,1,1.54698322,431464705,146.75,10,1,1.54698322,431464705,146.7,10,1,1.54698322,431464705,146.75,10,1,1.54698322,431464705,144.55,10,1,1.54698322,84.18107272
431464705,146.75,10,1,1.54698322,431464705,146.7,10,1,1.54698322,431464705,146.75,10,1,1.54698322,431464705,144.55,10,1,1.54698322,431464705,145.4,10,1,1.54698322,83.9695262
431464705,146.7,10,1,1.54698322,431464705,146.75,10,1,1.54698322,431464705,144.55,10,1,1.54698322,431464705,145.4,10,1,1.54698322,431464705,144.9,10,1,1.54698322,84.52827227
431464705,146.75,10,1,1.54698322,431464705,144.55,10,1,1.54698322,431464705,145.4,10,1,1.54698322,431464705,144.9,10,1,1.54698322,431464705,142.2,10,1,1.54698322,85.27087654
431464705,144.55,10,1,1.54698322,431464705,145.4,10,1,1.54698322,431464705,144.9,10,1,1.54698322,431464705,142.2,10,1,1.54698322,431464705,146.85,10,1,1.54698322,85.29948027
431464705,145.4,10,1,1.54698322,431464705,144.9,10,1,1.54698322,431464705,142.2,10,1,1.54698322,431464705,146.85,10,1,1.54698322,431464705,147.65,10,1,1.54698322,85.47143234
431464705,144.9,10,1,1.54698322,431464705,142.2,10,1,1.54698322,431464705,146.85,10,1,1.54698322,431464705,147.65,10,1,1.54698322,431464705,149.65,10,1,1.54698322,86.21248448
431464705,142.2,10,1,1.54698322,431464705,146.85,10,1,1.54698322,431464705,147.65,10,1,1.54698322,431464705,149.65,10,1,1.54698322,431464705,151.9,10,1,1.54698322,85.508424
431464705,146.85,10,1,1.54698322,431464705,147.65,10,1,1.54698322,431464705,149.65,10,1,1.54698322,431464705,151.9,10,1,1.54698322,431464705,152.2,10,1,1.54698322,84.12532506
431464705,147.65,10,1,1.54698322,431464705,149.65,10,1,1.54698322,431464705,151.9,10,1,1.54698322,431464705,152.2,10,1,1.54698322,431464705,149.7,10,1,1.54698322,83.17252651
431464705,149.65,10,1,1.54698322,431464705,151.9,10,1,1.54698322,431464705,152.2,10,1,1.54698322,431464705,149.7,10,1,1.54698322,431464705,147.9,10,1,1.54698322,83.45736579
431464705,151.9,10,1,1.54698322,431464705,152.2,10,1,1.54698322,431464705,149.7,10,1,1.54698322,431464705,147.9,10,1,1.54698322,431464705,147.6,10,1,1.54698322,84.91644756
431464705,152.2,10,1,1.54698322,431464705,149.7,10,1,1.54698322,431464705,147.9,10,1,1.54698322,431464705,147.6,10,1,1.54698322,431464705,150.4,10,1,1.54698322,85.7560894
431464705,149.7,10,1,1.54698322,431464705,147.9,10,1,1.54698322,431464705,147.6,10,1,1.54698322,431464705,150.4,10,1,1.54698322,431464705,152.1,10,1,1.54698322,90.02209238
431464705,147.9,10,1,1.54698322,431464705,147.6,10,1,1.54698322,431464705,150.4,10,1,1.54698322,431464705,152.1,10,1,1.54698322,431464705,158.15,10,1,1.54698322,92.73480365
431464705,147.6,10,1,1.54698322,431464705,150.4,10,1,1.54698322,431464705,152.1,10,1,1.54698322,431464705,158.15,10,1,1.54698322,431464705,163.3,10,1,1.54698322,92.26713471
431464705,150.4,10,1,1.54698322,431464705,152.1,10,1,1.54698322,431464705,158.15,10,1,1.54698322,431464705,163.3,10,1,1.54698322,431464705,165.3,10,1,1.54698322,91.683041
431464705,152.1,10,1,1.54698322,431464705,158.15,10,1,1.54698322,431464705,163.3,10,1,1.54698322,431464705,165.3,10,1,1.54698322,431464705,166.1,10,1,1.54698322,91.67725291
431464705,158.15,10,1,1.54698322,431464705,163.3,10,1,1.54698322,431464705,165.3,10,1,1.54698322,431464705,166.1,10,1,1.54698322,431464705,166.35,10,1,1.54698322,90.08209603
431464705,163.3,10,1,1.54698322,431464705,165.3,10,1,1.54698322,431464705,166.1,10,1,1.54698322,431464705,166.35,10,1,1.54698322,431464705,163.3,10,1,1.54698322,90.82608376
431464705,165.3,10,1,1.54698322,431464705,166.1,10,1,1.54698322,431464705,166.35,10,1,1.54698322,431464705,163.3,10,1,1.54698322,431464705,163.35,10,1,1.54698322,91.37057851
431464705,166.1,10,1,1.54698322,431464705,166.35,10,1,1.54698322,431464705,163.3,10,1,1.54698322,431464705,163.35,10,1,1.54698322,431464705,162.85,10,1,1.54698322,90.61202055
431464705,166.35,10,1,1.54698322,431464705,163.3,10,1,1.54698322,431464705,163.35,10,1,1.54698322,431464705,162.85,10,1,1.54698322,431464705,163.55,10,1,1.54698322,90.87318606
431464705,163.3,10,1,1.54698322,431464705,163.35,10,1,1.54698322,431464705,162.85,10,1,1.54698322,431464705,163.55,10,1,1.54698322,431464705,162.25,10,1,1.54698322,91.02640656
431464705,163.35,10,1,1.54698322,431464705,162.85,10,1,1.54698322,431464705,163.55,10,1,1.54698322,431464705,162.25,10,1,1.54698322,431464705,162.3,10,1,1.54698322,90.93326989
431464705,162.85,10,1,1.54698322,431464705,163.55,10,1,1.54698322,431464705,162.25,10,1,1.54698322,431464705,162.3,10,1,1.54698322,431464705,161.85,10,1,1.54698322,89.95705566
431464705,163.55,10,1,1.54698322,431464705,162.25,10,1,1.54698322,431464705,162.3,10,1,1.54698322,431464705,161.85,10,1,1.54698322,431464705,158,10,1,1.54698322,90.91476418
431464705,162.25,10,1,1.54698322,431464705,162.3,10,1,1.54698322,431464705,161.85,10,1,1.54698322,431464705,158,10,1,1.54698322,431464705,154.6,10,1,1.54698322,90.3998862
431464705,162.3,10,1,1.54698322,431464705,161.85,10,1,1.54698322,431464705,158,10,1,1.54698322,431464705,154.6,10,1,1.54698322,431464705,150.1,10,1,1.54698322,90.42901006
431464705,161.85,10,1,1.54698322,431464705,158,10,1,1.54698322,431464705,154.6,10,1,1.54698322,431464705,150.1,10,1,1.54698322,431464705,153.55,10,1,1.54698322,87.465397
431464705,158,10,1,1.54698322,431464705,154.6,10,1,1.54698322,431464705,150.1,10,1,1.54698322,431464705,153.55,10,1,1.54698322,431464705,147.2,10,1,1.54698322,88.36199128
431464705,154.6,10,1,1.54698322,431464705,150.1,10,1,1.54698322,431464705,153.55,10,1,1.54698322,431464705,147.2,10,1,1.54698322,431464705,145.85,10,1,1.54698322,89.30181541
431464705,150.1,10,1,1.54698322,431464705,153.55,10,1,1.54698322,431464705,147.2,10,1,1.54698322,431464705,145.85,10,1,1.54698322,431464705,148.8,10,1,1.54698322,89.00308099
431464705,153.55,10,1,1.54698322,431464705,147.2,10,1,1.54698322,431464705,145.85,10,1,1.54698322,431464705,148.8,10,1,1.54698322,431464705,148.8,10,1,1.54698322,89.81799273
431464705,147.2,10,1,1.54698322,431464705,145.85,10,1,1.54698322,431464705,148.8,10,1,1.54698322,431464705,148.8,10,1,1.54698322,431464705,147.85,10,1,1.54698322,90.14973326
431464705,145.85,10,1,1.54698322,431464705,148.8,10,1,1.54698322,431464705,148.8,10,1,1.54698322,431464705,147.85,10,1,1.54698322,431464705,153.05,10,1,1.54698322,89.84865123
431464705,148.8,10,1,1.54698322,431464705,148.8,10,1,1.54698322,431464705,147.85,10,1,1.54698322,431464705,153.05,10,1,1.54698322,431464705,154.95,10,1,1.54698322,89.51275121
431464705,148.8,10,1,1.54698322,431464705,147.85,10,1,1.54698322,431464705,153.05,10,1,1.54698322,431464705,154.95,10,1,1.54698322,431464705,153.75,10,1,1.54698322,91.72042202
431464705,147.85,10,1,1.54698322,431464705,153.05,10,1,1.54698322,431464705,154.95,10,1,1.54698322,431464705,153.75,10,1,1.54698322,431464705,153.25,10,1,1.54698322,91.54449565
431464705,153.05,10,1,1.54698322,431464705,154.95,10,1,1.54698322,431464705,153.75,10,1,1.54698322,431464705,153.25,10,1,1.54698322,431464705,157.15,10,1,1.54698322,90.64098656
431464705,154.95,10,1,1.54698322,431464705,153.75,10,1,1.54698322,431464705,153.25,10,1,1.54698322,431464705,157.15,10,1,1.54698322,431464705,156.65,10,1,1.54698322,90.92237032
431464705,153.75,10,1,1.54698322,431464705,153.25,10,1,1.54698322,431464705,157.15,10,1,1.54698322,431464705,156.65,10,1,1.54698322,431464705,156.95,10,1,1.54698322,92.02333705
431464705,153.25,10,1,1.54698322,431464705,157.15,10,1,1.54698322,431464705,156.65,10,1,1.54698322,431464705,156.95,10,1,1.54698322,431464705,159.75,10,1,1.54698322,92.48106785
431464705,157.15,10,1,1.54698322,431464705,156.65,10,1,1.54698322,431464705,156.95,10,1,1.54698322,431464705,159.75,10,1,1.54698322,431464705,161.1,10,1,1.54698322,92.69495737
431464705,156.65,10,1,1.54698322,431464705,156.95,10,1,1.54698322,431464705,159.75,10,1,1.54698322,431464705,161.1,10,1,1.54698322,431464705,161.3,10,1,1.54698322,82.73177962
431464705,156.95,10,1,1.54698322,431464705,159.75,10,1,1.54698322,431464705,161.1,10,1,1.54698322,431464705,161.3,10,1,1.54698322,431464705,162.08,10,1,1.56058307,83.56593562
431464705,159.75,10,1,1.54698322,431464705,161.1,10,1,1.54698322,431464705,161.3,10,1,1.54698322,431464705,162.08,10,1,1.56058307,431464705,161.8,10,1,1.56058307,82.61296937
431464705,161.1,10,1,1.54698322,431464705,161.3,10,1,1.54698322,431464705,162.08,10,1,1.56058307,431464705,161.8,10,1,1.56058307,431464705,164.68,10,1,1.56058307,82.51063385
431464705,161.3,10,1,1.54698322,431464705,162.08,10,1,1.56058307,431464705,161.8,10,1,1.56058307,431464705,164.68,10,1,1.56058307,431464705,161.7,10,1,1.56058307,81.95168347
431464705,162.08,10,1,1.56058307,431464705,161.8,10,1,1.56058307,431464705,164.68,10,1,1.56058307,431464705,161.7,10,1,1.56058307,431464705,159.16,10,1,1.56058307,81.62215282
431464705,161.8,10,1,1.56058307,431464705,164.68,10,1,1.56058307,431464705,161.7,10,1,1.56058307,431464705,159.16,10,1,1.56058307,431464705,157.44,10,1,1.56058307,82.09133393
431464705,164.68,10,1,1.56058307,431464705,161.7,10,1,1.56058307,431464705,159.16,10,1,1.56058307,431464705,157.44,10,1,1.56058307,431464705,155.04,10,1,1.56058307,78.93705963
431464705,161.7,10,1,1.56058307,431464705,159.16,10,1,1.56058307,431464705,157.44,10,1,1.56058307,431464705,155.04,10,1,1.56058307,431464705,150.04,10,1,1.56058307,80.47900701
431464705,159.16,10,1,1.56058307,431464705,157.44,10,1,1.56058307,431464705,155.04,10,1,1.56058307,431464705,150.04,10,1,1.56058307,431464705,140.34,10,1,1.56058307,80.25764387
431464705,157.44,10,1,1.56058307,431464705,155.04,10,1,1.56058307,431464705,150.04,10,1,1.56058307,431464705,140.34,10,1,1.56058307,431464705,148.76,10,1,1.56058307,80.53169923
431464705,155.04,10,1,1.56058307,431464705,150.04,10,1,1.56058307,431464705,140.34,10,1,1.56058307,431464705,148.76,10,1,1.56058307,431464705,147.14,10,1,1.56058307,81.59680524
431464705,150.04,10,1,1.56058307,431464705,140.34,10,1,1.56058307,431464705,148.76,10,1,1.56058307,431464705,147.14,10,1,1.56058307,431464705,149.54,10,1,1.56058307,84.73978553
431464705,140.34,10,1,1.56058307,431464705,148.76,10,1,1.56058307,431464705,147.14,10,1,1.56058307,431464705,149.54,10,1,1.56058307,431464705,159.82,10,1,1.56058307,82.47742847
431464705,148.76,10,1,1.56058307,431464705,147.14,10,1,1.56058307,431464705,149.54,10,1,1.56058307,431464705,159.82,10,1,1.56058307,431464705,155.32,10,1,1.56058307,81.72453572
431464705,147.14,10,1,1.56058307,431464705,149.54,10,1,1.56058307,431464705,159.82,10,1,1.56058307,431464705,155.32,10,1,1.56058307,431464705,152.56,10,1,1.56058307,81.48731299
431464705,149.54,10,1,1.56058307,431464705,159.82,10,1,1.56058307,431464705,155.32,10,1,1.56058307,431464705,152.56,10,1,1.56058307,431464705,151.86,10,1,1.56058307,80.22348028
431464705,159.82,10,1,1.56058307,431464705,155.32,10,1,1.56058307,431464705,152.56,10,1,1.56058307,431464705,151.86,10,1,1.56058307,431464705,143.64,10,1,1.56058307,77.42582688
431464705,155.32,10,1,1.56058307,431464705,152.56,10,1,1.56058307,431464705,151.86,10,1,1.56058307,431464705,143.64,10,1,1.56058307,431464705,142.04,10,1,1.56058307,79.65463576
431464705,152.56,10,1,1.56058307,431464705,151.86,10,1,1.56058307,431464705,143.64,10,1,1.56058307,431464705,142.04,10,1,1.56058307,431464705,138.26,10,1,1.56058307,79.43576301
431464705,151.86,10,1,1.56058307,431464705,143.64,10,1,1.56058307,431464705,142.04,10,1,1.56058307,431464705,138.26,10,1,1.56058307,431464705,142.64,10,1,1.56058307,78.17766722
431464705,143.64,10,1,1.56058307,431464705,142.04,10,1,1.56058307,431464705,138.26,10,1,1.56058307,431464705,142.64,10,1,1.56058307,431464705,145.16,10,1,1.56058307,79.46529686
431464705,142.04,10,1,1.56058307,431464705,138.26,10,1,1.56058307,431464705,142.64,10,1,1.56058307,431464705,145.16,10,1,1.56058307,431464705,144.62,10,1,1.56058307,79.57767706
431464705,138.26,10,1,1.56058307,431464705,142.64,10,1,1.56058307,431464705,145.16,10,1,1.56058307,431464705,144.62,10,1,1.56058307,431464705,148.72,10,1,1.56058307,79.69701076
431464705,142.64,10,1,1.56058307,431464705,145.16,10,1,1.56058307,431464705,144.62,10,1,1.56058307,431464705,148.72,10,1,1.56058307,431464705,148.86,10,1,1.56058307,79.87795013
431464705,145.16,10,1,1.56058307,431464705,144.62,10,1,1.56058307,431464705,148.72,10,1,1.56058307,431464705,148.86,10,1,1.56058307,431464705,152.22,10,1,1.56058307,78.58692259
431464705,144.62,10,1,1.56058307,431464705,148.72,10,1,1.56058307,431464705,148.86,10,1,1.56058307,431464705,152.22,10,1,1.56058307,431464705,148.8,10,1,1.56058307,80.95630742
431464705,148.72,10,1,1.56058307,431464705,148.86,10,1,1.56058307,431464705,152.22,10,1,1.56058307,431464705,148.8,10,1,1.56058307,431464705,149.08,10,1,1.56058307,80.07250931
431464705,148.86,10,1,1.56058307,431464705,152.22,10,1,1.56058307,431464705,148.8,10,1,1.56058307,431464705,149.08,10,1,1.56058307,431464705,153.38,10,1,1.56058307,79.27138127
431464705,152.22,10,1,1.56058307,431464705,148.8,10,1,1.56058307,431464705,149.08,10,1,1.56058307,431464705,153.38,10,1,1.56058307,431464705,152.82,10,1,1.56058307,78.79913667
431464705,148.8,10,1,1.56058307,431464705,149.08,10,1,1.56058307,431464705,153.38,10,1,1.56058307,431464705,152.82,10,1,1.56058307,431464705,150.54,10,1,1.56058307,77.90709068
431464705,149.08,10,1,1.56058307,431464705,153.38,10,1,1.56058307,431464705,152.82,10,1,1.56058307,431464705,150.54,10,1,1.56058307,431464705,148.24,10,1,1.56058307,79.47604887
431464705,153.38,10,1,1.56058307,431464705,152.82,10,1,1.56058307,431464705,150.54,10,1,1.56058307,431464705,148.24,10,1,1.56058307,431464705,149.46,10,1,1.56058307,79.87445777
431464705,152.82,10,1,1.56058307,431464705,150.54,10,1,1.56058307,431464705,148.24,10,1,1.56058307,431464705,149.46,10,1,1.56058307,431464705,149.02,10,1,1.56058307,80.39283299
431464705,150.54,10,1,1.56058307,431464705,148.24,10,1,1.56058307,431464705,149.46,10,1,1.56058307,431464705,149.02,10,1,1.56058307,431464705,149.48,10,1,1.56058307,78.09957813
431464705,148.24,10,1,1.56058307,431464705,149.46,10,1,1.56058307,431464705,149.02,10,1,1.56058307,431464705,149.48,10,1,1.56058307,431464705,147.46,10,1,1.56058307,76.66685375
431464705,149.46,10,1,1.56058307,431464705,149.02,10,1,1.56058307,431464705,149.48,10,1,1.56058307,431464705,147.46,10,1,1.56058307,431464705,143.8,10,1,1.56058307,76.15562085
431464705,149.02,10,1,1.56058307,431464705,149.48,10,1,1.56058307,431464705,147.46,10,1,1.56058307,431464705,143.8,10,1,1.56058307,431464705,136.28,10,1,1.56058307,77.26587352
431464705,149.48,10,1,1.56058307,431464705,147.46,10,1,1.56058307,431464705,143.8,10,1,1.56058307,431464705,136.28,10,1,1.56058307,431464705,142.72,10,1,1.56058307,76.4488569
431464705,147.46,10,1,1.56058307,431464705,143.8,10,1,1.56058307,431464705,136.28,10,1,1.56058307,431464705,142.72,10,1,1.56058307,431464705,142.34,10,1,1.56058307,76.98276963
431464705,143.8,10,1,1.56058307,431464705,136.28,10,1,1.56058307,431464705,142.72,10,1,1.56058307,431464705,142.34,10,1,1.56058307,431464705,142.34,10,1,1.56058307,77.00516556
431464705,136.28,10,1,1.56058307,431464705,142.72,10,1,1.56058307,431464705,142.34,10,1,1.56058307,431464705,142.34,10,1,1.56058307,431464705,144.7,10,1,1.56058307,78.17879921
431464705,142.72,10,1,1.56058307,431464705,142.34,10,1,1.56058307,431464705,142.34,10,1,1.56058307,431464705,144.7,10,1,1.56058307,431464705,146.18,10,1,1.56058307,78.79137346
431464705,142.34,10,1,1.56058307,431464705,142.34,10,1,1.56058307,431464705,144.7,10,1,1.56058307,431464705,146.18,10,1,1.56058307,431464705,148.48,10,1,1.56058307,79.27577058
431464705,142.34,10,1,1.56058307,431464705,144.7,10,1,1.56058307,431464705,146.18,10,1,1.56058307,431464705,148.48,10,1,1.56058307,431464705,150.18,10,1,1.56058307,78.24113478
431464705,144.7,10,1,1.56058307,431464705,146.18,10,1,1.56058307,431464705,148.48,10,1,1.56058307,431464705,150.18,10,1,1.56058307,431464705,148.02,10,1,1.56058307,79.84060734
431464705,146.18,10,1,1.56058307,431464705,148.48,10,1,1.56058307,431464705,150.18,10,1,1.56058307,431464705,148.02,10,1,1.56058307,431464705,152.7,10,1,1.56058307,80.00570662
431464705,148.48,10,1,1.56058307,431464705,150.18,10,1,1.56058307,431464705,148.02,10,1,1.56058307,431464705,152.7,10,1,1.56058307,431464705,152.72,10,1,1.56058307,78.96752869
431464705,150.18,10,1,1.56058307,431464705,148.02,10,1,1.56058307,431464705,152.7,10,1,1.56058307,431464705,152.72,10,1,1.56058307,431464705,149.32,10,1,1.56058307,78.59052549
431464705,148.02,10,1,1.56058307,431464705,152.7,10,1,1.56058307,431464705,152.72,10,1,1.56058307,431464705,149.32,10,1,1.56058307,431464705,142.62,10,1,1.56058307,76.89383417
431464705,152.7,10,1,1.56058307,431464705,152.72,10,1,1.56058307,431464705,149.32,10,1,1.56058307,431464705,142.62,10,1,1.56058307,431464705,141.56,10,1,1.56058307,77.97125601
431464705,152.72,10,1,1.56058307,431464705,149.32,10,1,1.56058307,431464705,142.62,10,1,1.56058307,431464705,141.56,10,1,1.56058307,431464705,138.7,10,1,1.56058307,77.8405154
431464705,149.32,10,1,1.56058307,431464705,142.62,10,1,1.56058307,431464705,141.56,10,1,1.56058307,431464705,138.7,10,1,1.56058307,431464705,141.9,10,1,1.56058307,78.15042911
431464705,142.62,10,1,1.56058307,431464705,141.56,10,1,1.56058307,431464705,138.7,10,1,1.56058307,431464705,141.9,10,1,1.56058307,431464705,143.6,10,1,1.56058307,77.35681066
431464705,141.56,10,1,1.56058307,431464705,138.7,10,1,1.56058307,431464705,141.9,10,1,1.56058307,431464705,143.6,10,1,1.56058307,431464705,143.54,10,1,1.56058307,77.50409284
431464705,138.7,10,1,1.56058307,431464705,141.9,10,1,1.56058307,431464705,143.6,10,1,1.56058307,431464705,143.54,10,1,1.56058307,431464705,139.64,10,1,1.56058307,78.66291747
431464705,141.9,10,1,1.56058307,431464705,143.6,10,1,1.56058307,431464705,143.54,10,1,1.56058307,431464705,139.64,10,1,1.56058307,431464705,141.2,10,1,1.56058307,78.59159917
431464705,143.6,10,1,1.56058307,431464705,143.54,10,1,1.56058307,431464705,139.64,10,1,1.56058307,431464705,141.2,10,1,1.56058307,431464705,141.56,10,1,1.56058307,77.07335845
431464705,143.54,10,1,1.56058307,431464705,139.64,10,1,1.56058307,431464705,141.2,10,1,1.56058307,431464705,141.56,10,1,1.56058307,431464705,138.06,10,1,1.56058307,74.84149109
431464705,139.64,10,1,1.56058307,431464705,141.2,10,1,1.56058307,431464705,141.56,10,1,1.56058307,431464705,138.06,10,1,1.56058307,431464705,134.16,10,1,1.56058307,73.76040561
431464705,141.2,10,1,1.56058307,431464705,141.56,10,1,1.56058307,431464705,138.06,10,1,1.56058307,431464705,134.16,10,1,1.56058307,431464705,130.86,10,1,1.56058307,72.88543746
431464705,141.56,10,1,1.56058307,431464705,138.06,10,1,1.56058307,431464705,134.16,10,1,1.56058307,431464705,130.86,10,1,1.56058307,431464705,130.3,10,1,1.56058307,75.10150327
431464705,138.06,10,1,1.56058307,431464705,134.16,10,1,1.56058307,431464705,130.86,10,1,1.56058307,431464705,130.3,10,1,1.56058307,431464705,131.16,10,1,1.56058307,75.58635713
431464705,134.16,10,1,1.56058307,431464705,130.86,10,1,1.56058307,431464705,130.3,10,1,1.56058307,431464705,131.16,10,1,1.56058307,431464705,133,10,1,1.56058307,75.46541076
431464705,130.86,10,1,1.56058307,431464705,130.3,10,1,1.56058307,431464705,131.16,10,1,1.56058307,431464705,133,10,1,1.56058307,431464705,135.7,10,1,1.56058307,75.61974819
431464705,130.3,10,1,1.56058307,431464705,131.16,10,1,1.56058307,431464705,133,10,1,1.56058307,431464705,135.7,10,1,1.56058307,431464705,132.96,10,1,1.56058307,73.21801498
431464705,131.16,10,1,1.56058307,431464705,133,10,1,1.56058307,431464705,135.7,10,1,1.56058307,431464705,132.96,10,1,1.56058307,431464705,130.12,10,1,1.56058307,71.95015596
431464705,133,10,1,1.56058307,431464705,135.7,10,1,1.56058307,431464705,132.96,10,1,1.56058307,431464705,130.12,10,1,1.56058307,431464705,131.14,10,1,1.56058307,73.80917229
431464705,135.7,10,1,1.56058307,431464705,132.96,10,1,1.56058307,431464705,130.12,10,1,1.56058307,431464705,131.14,10,1,1.56058307,431464705,134.88,10,1,1.56058307,72.54730377
431464705,132.96,10,1,1.56058307,431464705,130.12,10,1,1.56058307,431464705,131.14,10,1,1.56058307,431464705,134.88,10,1,1.56058307,431464705,135.26,10,1,1.56058307,74.63839223
431464705,130.12,10,1,1.56058307,431464705,131.14,10,1,1.56058307,431464705,134.88,10,1,1.56058307,431464705,135.26,10,1,1.56058307,431464705,137.68,10,1,1.56058307,73.84148522
431464705,131.14,10,1,1.56058307,431464705,134.88,10,1,1.56058307,431464705,135.26,10,1,1.56058307,431464705,137.68,10,1,1.56058307,431464705,138.74,10,1,1.56058307,74.04264438
431464705,134.88,10,1,1.56058307,431464705,135.26,10,1,1.56058307,431464705,137.68,10,1,1.56058307,431464705,138.74,10,1,1.56058307,431464705,139.74,10,1,1.56058307,73.39464628
431464705,135.26,10,1,1.56058307,431464705,137.68,10,1,1.56058307,431464705,138.74,10,1,1.56058307,431464705,139.74,10,1,1.56058307,431464705,138,10,1,1.56058307,73.3778227
431464705,137.68,10,1,1.56058307,431464705,138.74,10,1,1.56058307,431464705,139.74,10,1,1.56058307,431464705,138,10,1,1.56058307,431464705,138.5,10,1,1.56058307,72.65722721
431464705,138.74,10,1,1.56058307,431464705,139.74,10,1,1.56058307,431464705,138,10,1,1.56058307,431464705,138.5,10,1,1.56058307,431464705,138.6,10,1,1.56058307,71.73150317
431464705,139.74,10,1,1.56058307,431464705,138,10,1,1.56058307,431464705,138.5,10,1,1.56058307,431464705,138.6,10,1,1.56058307,431464705,136.28,10,1,1.56058307,72.99661777
431464705,138,10,1,1.56058307,431464705,138.5,10,1,1.56058307,431464705,138.6,10,1,1.56058307,431464705,136.28,10,1,1.56058307,431464705,138.4,10,1,1.56058307,73.43448712
431464705,138.5,10,1,1.56058307,431464705,138.6,10,1,1.56058307,431464705,136.28,10,1,1.56058307,431464705,138.4,10,1,1.56058307,431464705,142.24,10,1,1.56058307,72.55190116
431464705,138.6,10,1,1.56058307,431464705,136.28,10,1,1.56058307,431464705,138.4,10,1,1.56058307,431464705,142.24,10,1,1.56058307,431464705,140.08,10,1,1.56058307,73.18610191
431464705,136.28,10,1,1.56058307,431464705,138.4,10,1,1.56058307,431464705,142.24,10,1,1.56058307,431464705,140.08,10,1,1.56058307,431464705,134.5,10,1,1.56058307,76.1077658
431464705,138.4,10,1,1.56058307,431464705,142.24,10,1,1.56058307,431464705,140.08,10,1,1.56058307,431464705,134.5,10,1,1.56058307,431464705,142.56,10,1,1.56058307,78.3906546
431464705,142.24,10,1,1.56058307,431464705,140.08,10,1,1.56058307,431464705,134.5,10,1,1.56058307,431464705,142.56,10,1,1.56058307,431464705,148.24,10,1,1.56058307,78.57328622
431464705,140.08,10,1,1.56058307,431464705,134.5,10,1,1.56058307,431464705,142.56,10,1,1.56058307,431464705,148.24,10,1,1.56058307,431464705,149.9,10,1,1.56058307,77.0035023
431464705,134.5,10,1,1.56058307,431464705,142.56,10,1,1.56058307,431464705,148.24,10,1,1.56058307,431464705,149.9,10,1,1.56058307,431464705,151.06,10,1,1.56058307,77.05701725
431464705,142.56,10,1,1.56058307,431464705,148.24,10,1,1.56058307,431464705,149.9,10,1,1.56058307,431464705,151.06,10,1,1.56058307,431464705,152.2,10,1,1.56058307,77.31974504
431464705,148.24,10,1,1.56058307,431464705,149.9,10,1,1.56058307,431464705,151.06,10,1,1.56058307,431464705,152.2,10,1,1.56058307,431464705,151.24,10,1,1.56058307,78.15219606
431464705,149.9,10,1,1.56058307,431464705,151.06,10,1,1.56058307,431464705,152.2,10,1,1.56058307,431464705,151.24,10,1,1.56058307,431464705,152.96,10,1,1.56058307,78.53994287
431464705,151.06,10,1,1.56058307,431464705,152.2,10,1,1.56058307,431464705,151.24,10,1,1.56058307,431464705,152.96,10,1,1.56058307,425659401,155.4,10,1,1.56058307,78.28795789
431464705,152.2,10,1,1.56058307,431464705,151.24,10,1,1.56058307,431464705,152.96,10,1,1.56058307,425659401,155.4,10,1,1.56058307,425659401,155.9,10,1,1.56058307,80.75645232
431464705,151.24,10,1,1.56058307,431464705,152.96,10,1,1.56058307,425659401,155.4,10,1,1.56058307,425659401,155.9,10,1,1.56058307,425659401,158.3,10,1,1.56058307,80.06283027
431464705,152.96,10,1,1.56058307,425659401,155.4,10,1,1.56058307,425659401,155.9,10,1,1.56058307,425659401,158.3,10,1,1.56058307,425659401,160,10,1,1.56058307,79.33657248
425659401,155.4,10,1,1.56058307,425659401,155.9,10,1,1.56058307,425659401,158.3,10,1,1.56058307,425659401,160,10,1,1.56058307,425659401,156.66,10,1,1.56058307,79.02779804
425659401,155.9,10,1,1.56058307,425659401,158.3,10,1,1.56058307,425659401,160,10,1,1.56058307,425659401,156.66,10,1,1.56058307,425659401,158.16,10,1,1.56058307,79.48845021
425659401,158.3,10,1,1.56058307,425659401,160,10,1,1.56058307,425659401,156.66,10,1,1.56058307,425659401,158.16,10,1,1.56058307,425659401,159.2,10,1,1.56058307,79.2520574
425659401,160,10,1,1.56058307,425659401,156.66,10,1,1.56058307,425659401,158.16,10,1,1.56058307,425659401,159.2,10,1,1.56058307,425659401,160.32,10,1,1.56058307,80.06610905
425659401,156.66,10,1,1.56058307,425659401,158.16,10,1,1.56058307,425659401,159.2,10,1,1.56058307,425659401,160.32,10,1,1.56058307,425659401,161.58,10,1,1.56058307,79.02014686
425659401,158.16,10,1,1.56058307,425659401,159.2,10,1,1.56058307,425659401,160.32,10,1,1.56058307,425659401,161.58,10,1,1.56058307,425659415,161.36,10,1,1.56058307,78.23327679
425659401,159.2,10,1,1.56058307,425659401,160.32,10,1,1.56058307,425659401,161.58,10,1,1.56058307,425659415,161.36,10,1,1.56058307,425659415,161.78,10,1,1.56058307,77.94746865
425659401,160.32,10,1,1.56058307,425659401,161.58,10,1,1.56058307,425659415,161.36,10,1,1.56058307,425659415,161.78,10,1,1.56058307,425659415,159.86,10,1,1.56058307,77.63341359
425659401,161.58,10,1,1.56058307,425659415,161.36,10,1,1.56058307,425659415,161.78,10,1,1.56058307,425659415,159.86,10,1,1.56058307,425659415,159.8,10,1,1.56058307,77.106796
425659415,161.36,10,1,1.56058307,425659415,161.78,10,1,1.56058307,425659415,159.86,10,1,1.56058307,425659415,159.8,10,1,1.56058307,425659415,159.64,10,1,1.56058307,78.05148071
425659415,161.78,10,1,1.56058307,425659415,159.86,10,1,1.56058307,425659415,159.8,10,1,1.56058307,425659415,159.64,10,1,1.56058307,425659415,161.5,10,1,1.56058307,78.76751569
425659415,159.86,10,1,1.56058307,425659415,159.8,10,1,1.56058307,425659415,159.64,10,1,1.56058307,425659415,161.5,10,1,1.56058307,425659415,163.68,10,1,1.56058307,77.73122699
425659415,159.8,10,1,1.56058307,425659415,159.64,10,1,1.56058307,425659415,161.5,10,1,1.56058307,425659415,163.68,10,1,1.56058307,425659415,162.94,10,1,1.56058307,76.98412585
425659415,159.64,10,1,1.56058307,425659415,161.5,10,1,1.56058307,425659415,163.68,10,1,1.56058307,425659415,162.94,10,1,1.56058307,425659415,160.18,10,1,1.56058307,76.60489522
425659415,161.5,10,1,1.56058307,425659415,163.68,10,1,1.56058307,425659415,162.94,10,1,1.56058307,425659415,160.18,10,1,1.56058307,425659415,157.06,10,1,1.56058307,90.41165169
425659415,163.68,10,1,1.56058307,425659415,162.94,10,1,1.56058307,425659415,160.18,10,1,1.56058307,425659415,157.06,10,1,1.56058307,425659655,224.9,10,1,1.57832273,90.67648995
425659415,162.94,10,1,1.56058307,425659415,160.18,10,1,1.56058307,425659415,157.06,10,1,1.56058307,425659655,224.9,10,1,1.57832273,425659655,218.95,10,1,1.57832273,91.30448191
425659415,160.18,10,1,1.56058307,425659415,157.06,10,1,1.56058307,425659655,224.9,10,1,1.57832273,425659655,218.95,10,1,1.57832273,425659655,217,10,1,1.57832273,91.63491507
425659415,157.06,10,1,1.56058307,425659655,224.9,10,1,1.57832273,425659655,218.95,10,1,1.57832273,425659655,217,10,1,1.57832273,425659655,220.65,10,1,1.57832273,91.91376789
425659655,224.9,10,1,1.57832273,425659655,218.95,10,1,1.57832273,425659655,217,10,1,1.57832273,425659655,220.65,10,1,1.57832273,425659655,222.1,10,1,1.57832273,90.93153683
425659655,218.95,10,1,1.57832273,425659655,217,10,1,1.57832273,425659655,220.65,10,1,1.57832273,425659655,222.1,10,1,1.57832273,425659655,220.05,10,1,1.57832273,91.90363312
425659655,217,10,1,1.57832273,425659655,220.65,10,1,1.57832273,425659655,222.1,10,1,1.57832273,425659655,220.05,10,1,1.57832273,425659655,220.1,10,1,1.57832273,93.56116695
425659655,220.65,10,1,1.57832273,425659655,222.1,10,1,1.57832273,425659655,220.05,10,1,1.57832273,425659655,220.1,10,1,1.57832273,425659655,222.75,10,1,1.57832273,93.38291152
425659655,222.1,10,1,1.57832273,425659655,220.05,10,1,1.57832273,425659655,220.1,10,1,1.57832273,425659655,222.75,10,1,1.57832273,425659655,230.5,10,1,1.57832273,93.7462183
425659655,220.05,10,1,1.57832273,425659655,220.1,10,1,1.57832273,425659655,222.75,10,1,1.57832273,425659655,230.5,10,1,1.57832273,425659655,233.2,10,1,1.57832273,95.29500988
425659655,220.1,10,1,1.57832273,425659655,222.75,10,1,1.57832273,425659655,230.5,10,1,1.57832273,425659655,233.2,10,1,1.57832273,425659655,238.85,10,1,1.57832273,91.05844498
425659655,222.75,10,1,1.57832273,425659655,230.5,10,1,1.57832273,425659655,233.2,10,1,1.57832273,425659655,238.85,10,1,1.57832273,425659655,232.2,10,1,1.57832273,89.82696008
425659655,230.5,10,1,1.57832273,425659655,233.2,10,1,1.57832273,425659655,238.85,10,1,1.57832273,425659655,232.2,10,1,1.57832273,425659655,227.45,10,1,1.57832273,89.68109804
425659655,233.2,10,1,1.57832273,425659655,238.85,10,1,1.57832273,425659655,232.2,10,1,1.57832273,425659655,227.45,10,1,1.57832273,425659655,226.05,10,1,1.57832273,90.93291903
425659655,238.85,10,1,1.57832273,425659655,232.2,10,1,1.57832273,425659655,227.45,10,1,1.57832273,425659655,226.05,10,1,1.57832273,425659655,227.8,10,1,1.57832273,90.31574454
425659655,232.2,10,1,1.57832273,425659655,227.45,10,1,1.57832273,425659655,226.05,10,1,1.57832273,425659655,227.8,10,1,1.57832273,425659655,230.9,10,1,1.57832273,89.44997037
425659655,227.45,10,1,1.57832273,425659655,226.05,10,1,1.57832273,425659655,227.8,10,1,1.57832273,425659655,230.9,10,1,1.57832273,425659655,226.85,10,1,1.57832273,91.58401667
425659655,226.05,10,1,1.57832273,425659655,227.8,10,1,1.57832273,425659655,230.9,10,1,1.57832273,425659655,226.85,10,1,1.57832273,425659655,231.75,10,1,1.57832273,91.55664654
425659655,227.8,10,1,1.57832273,425659655,230.9,10,1,1.57832273,425659655,226.85,10,1,1.57832273,425659655,231.75,10,1,1.57832273,425659655,235.85,10,1,1.57832273,92.3443234
425659655,230.9,10,1,1.57832273,425659655,226.85,10,1,1.57832273,425659655,231.75,10,1,1.57832273,425659655,235.85,10,1,1.57832273,425659655,236.35,10,1,1.57832273,91.96948168
425659655,226.85,10,1,1.57832273,425659655,231.75,10,1,1.57832273,425659655,235.85,10,1,1.57832273,425659655,236.35,10,1,1.57832273,425659655,238.35,10,1,1.57832273,91.02475806
425659655,231.75,10,1,1.57832273,425659655,235.85,10,1,1.57832273,425659655,236.35,10,1,1.57832273,425659655,238.35,10,1,1.57832273,425659655,234.85,10,1,1.57832273,90.49170504
425659655,235.85,10,1,1.57832273,425659655,236.35,10,1,1.57832273,425659655,238.35,10,1,1.57832273,425659655,234.85,10,1,1.57832273,425659655,234.95,10,1,1.57832273,91.55016579
425659655,236.35,10,1,1.57832273,425659655,238.35,10,1,1.57832273,425659655,234.85,10,1,1.57832273,425659655,234.95,10,1,1.57832273,425659655,235.6,10,1,1.57832273,92.38765324
425659655,238.35,10,1,1.57832273,425659655,234.85,10,1,1.57832273,425659655,234.95,10,1,1.57832273,425659655,235.6,10,1,1.57832273,425659655,241.7,10,1,1.58509111,92.72284128
425659655,234.85,10,1,1.57832273,425659655,234.95,10,1,1.57832273,425659655,235.6,10,1,1.57832273,425659655,241.7,10,1,1.58509111,425659655,243.1,10,1,1.58509111,91.13730267
425659655,234.95,10,1,1.57832273,425659655,235.6,10,1,1.57832273,425659655,241.7,10,1,1.58509111,425659655,243.1,10,1,1.58509111,425659655,241.65,10,1,1.58509111,90.83959323
425659655,235.6,10,1,1.57832273,425659655,241.7,10,1,1.58509111,425659655,243.1,10,1,1.58509111,425659655,241.65,10,1,1.58509111,425659655,242.55,10,1,1.58509111,90.52956168
425659655,241.7,10,1,1.58509111,425659655,243.1,10,1,1.58509111,425659655,241.65,10,1,1.58509111,425659655,242.55,10,1,1.58509111,425659655,239.6,10,1,1.58509111,90.4020169
425659655,243.1,10,1,1.58509111,425659655,241.65,10,1,1.58509111,425659655,242.55,10,1,1.58509111,425659655,239.6,10,1,1.58509111,425659655,240.35,10,1,1.58509111,90.59129413
425659655,241.65,10,1,1.58509111,425659655,242.55,10,1,1.58509111,425659655,239.6,10,1,1.58509111,425659655,240.35,10,1,1.58509111,425659655,242,10,1,1.58509111,91.07625064
425659655,242.55,10,1,1.58509111,425659655,239.6,10,1,1.58509111,425659655,240.35,10,1,1.58509111,425659655,242,10,1,1.58509111,425659655,241.9,10,1,1.58509111,91.18295067
425659655,239.6,10,1,1.58509111,425659655,240.35,10,1,1.58509111,425659655,242,10,1,1.58509111,425659655,241.9,10,1,1.58509111,425659655,243.85,10,1,1.58509111,92.5951772
425659655,240.35,10,1,1.58509111,425659655,242,10,1,1.58509111,425659655,241.9,10,1,1.58509111,425659655,243.85,10,1,1.58509111,425659655,244.85,10,1,1.58509111,92.27342971
425659655,242,10,1,1.58509111,425659655,241.9,10,1,1.58509111,425659655,243.85,10,1,1.58509111,425659655,244.85,10,1,1.58509111,425659655,245.6,10,1,1.58509111,91.07831406
425659655,241.9,10,1,1.58509111,425659655,243.85,10,1,1.58509111,425659655,244.85,10,1,1.58509111,425659655,245.6,10,1,1.58509111,425659655,244.05,10,1,1.58509111,91.32116404
425659655,243.85,10,1,1.58509111,425659655,244.85,10,1,1.58509111,425659655,245.6,10,1,1.58509111,425659655,244.05,10,1,1.58509111,425659655,242.15,10,1,1.58509111,90.96263053
425659655,244.85,10,1,1.58509111,425659655,245.6,10,1,1.58509111,425659655,244.05,10,1,1.58509111,425659655,242.15,10,1,1.58509111,425659655,240.5,10,1,1.58509111,90.55447493
425659655,245.6,10,1,1.58509111,425659655,244.05,10,1,1.58509111,425659655,242.15,10,1,1.58509111,425659655,240.5,10,1,1.58509111,425659655,242.2,10,1,1.58509111,90.41560557
425659655,244.05,10,1,1.58509111,425659655,242.15,10,1,1.58509111,425659655,240.5,10,1,1.58509111,425659655,242.2,10,1,1.58509111,425659655,243,10,1,1.58509111,90.5372032
425659655,242.15,10,1,1.58509111,425659655,240.5,10,1,1.58509111,425659655,242.2,10,1,1.58509111,425659655,243,10,1,1.58509111,425659655,245.45,10,1,1.58509111,90.02513818
425659655,240.5,10,1,1.58509111,425659655,242.2,10,1,1.58509111,425659655,243,10,1,1.58509111,425659655,245.45,10,1,1.58509111,425659655,245.4,10,1,1.58509111,90.00025809
425659655,242.2,10,1,1.58509111,425659655,243,10,1,1.58509111,425659655,245.45,10,1,1.58509111,425659655,245.4,10,1,1.58509111,425659704,244,10,1,1.58509111,90.76545373
425659655,243,10,1,1.58509111,425659655,245.45,10,1,1.58509111,425659655,245.4,10,1,1.58509111,425659704,244,10,1,1.58509111,425659704,244.1,10,1,1.58509111,89.20662587
425659655,245.45,10,1,1.58509111,425659655,245.4,10,1,1.58509111,425659704,244,10,1,1.58509111,425659704,244.1,10,1,1.58509111,425659704,238.15,10,1,1.58509111,89.00234807
425659655,245.4,10,1,1.58509111,425659704,244,10,1,1.58509111,425659704,244.1,10,1,1.58509111,425659704,238.15,10,1,1.58509111,425659704,235.6,10,1,1.58509111,90.04169052
425659704,244,10,1,1.58509111,425659704,244.1,10,1,1.58509111,425659704,238.15,10,1,1.58509111,425659704,235.6,10,1,1.58509111,425659704,237.7,10,1,1.58509111,90.69808447
425659704,244.1,10,1,1.58509111,425659704,238.15,10,1,1.58509111,425659704,235.6,10,1,1.58509111,425659704,237.7,10,1,1.58509111,425659704,243.15,10,1,1.58509111,92.47139176
425659704,238.15,10,1,1.58509111,425659704,235.6,10,1,1.58509111,425659704,237.7,10,1,1.58509111,425659704,243.15,10,1,1.58509111,425659704,246.65,10,1,1.58509111,92.40448207
425659704,235.6,10,1,1.58509111,425659704,237.7,10,1,1.58509111,425659704,243.15,10,1,1.58509111,425659704,246.65,10,1,1.58509111,425659704,251.95,10,1,1.58509111,92.52617246
425659704,237.7,10,1,1.58509111,425659704,243.15,10,1,1.58509111,425659704,246.65,10,1,1.58509111,425659704,251.95,10,1,1.58509111,425659704,247,10,1,1.58509111,93.10428763
425659704,243.15,10,1,1.58509111,425659704,246.65,10,1,1.58509111,425659704,251.95,10,1,1.58509111,425659704,247,10,1,1.58509111,425659704,250.45,10,1,1.58509111,93.15541264
425659704,246.65,10,1,1.58509111,425659704,251.95,10,1,1.58509111,425659704,247,10,1,1.58509111,425659704,250.45,10,1,1.58509111,425659704,252.4,10,1,1.58509111,93.53578711
425659704,251.95,10,1,1.58509111,425659704,247,10,1,1.58509111,425659704,250.45,10,1,1.58509111,425659704,252.4,10,1,1.58509111,425659704,257.25,10,1,1.58509111,93.13626726
425659704,247,10,1,1.58509111,425659704,250.45,10,1,1.58509111,425659704,252.4,10,1,1.58509111,425659704,257.25,10,1,1.58509111,425659704,260.6,10,1,1.58509111,93.77440827
425659704,250.45,10,1,1.58509111,425659704,252.4,10,1,1.58509111,425659704,257.25,10,1,1.58509111,425659704,260.6,10,1,1.58509111,425659704,262.75,10,1,1.58509111,94.0505704
425659704,252.4,10,1,1.58509111,425659704,257.25,10,1,1.58509111,425659704,260.6,10,1,1.58509111,425659704,262.75,10,1,1.58509111,425659704,262.55,10,1,1.58509111,92.90919263
425659704,257.25,10,1,1.58509111,425659704,260.6,10,1,1.58509111,425659704,262.75,10,1,1.58509111,425659704,262.55,10,1,1.58509111,425659704,260.05,10,1,1.58509111,93.23756944
425659704,260.6,10,1,1.58509111,425659704,262.75,10,1,1.58509111,425659704,262.55,10,1,1.58509111,425659704,260.05,10,1,1.58509111,425659704,260.9,10,1,1.58509111,93.83011258
425659704,262.75,10,1,1.58509111,425659704,262.55,10,1,1.58509111,425659704,260.05,10,1,1.58509111,425659704,260.9,10,1,1.58509111,425659704,264.65,10,1,1.58509111,93.07965204
425659704,262.55,10,1,1.58509111,425659704,260.05,10,1,1.58509111,425659704,260.9,10,1,1.58509111,425659704,264.65,10,1,1.58509111,425659704,264.05,10,1,1.58509111,93.33531223
425659704,260.05,10,1,1.58509111,425659704,260.9,10,1,1.58509111,425659704,264.65,10,1,1.58509111,425659704,264.05,10,1,1.58509111,425659704,265.05,10,1,1.58509111,92.74999817